# Blender v2.80 (sub 75) OBJ File: 'chem devices.blend'
# www.blender.org
mtllib grand_fusery_body.mtl
o GRAND_FUSERY_Cube.051
v -1.000000 0.250000 -0.750000
v -1.000000 0.750000 -0.750000
v -0.750000 0.250000 -0.750000
v -0.750000 0.750000 -0.750000
v -1.000000 0.250000 -0.250000
v -1.000000 0.750000 -0.250000
v -0.750000 0.250000 -0.250000
v -0.750000 0.750000 -0.250000
v -0.750000 0.250000 -1.000000
v -1.000000 0.250000 -1.000000
v -1.000000 0.750000 -1.000000
v -0.750000 0.750000 -1.000000
v -1.000000 1.000000 -0.750000
v -0.750000 1.000000 -0.750000
v -0.750000 1.000000 -0.250000
v -1.000000 1.000000 -0.250000
v -0.750000 0.000000 -0.750000
v -1.000000 0.000000 -0.750000
v -0.750000 0.750000 0.000000
v -1.000000 0.000000 -0.250000
v -0.750000 0.250000 0.000000
v -1.000000 0.250000 0.000000
v -1.000000 0.750000 0.000000
v -0.750000 0.000000 -0.250000
v -0.750000 0.000000 -1.000000
v -1.000000 0.000000 -1.000000
v -1.000000 0.000000 0.000000
v -0.750000 0.000000 0.000000
v -0.812500 0.312500 -0.687500
v -0.812500 0.687500 -0.687500
v -0.812500 0.687500 -0.312500
v -0.812500 0.312500 -0.312500
v -0.875000 0.250000 -0.750000
v -0.875000 0.750000 -0.750000
v -0.875000 0.750000 -0.250000
v -0.875000 0.250000 -0.250000
v -0.750000 0.500000 -0.500000
v -1.000000 0.250000 1.250000
v -1.000000 0.750000 1.250000
v -0.750000 0.250000 1.250000
v -0.750000 0.750000 1.250000
v -1.000000 0.250000 1.750000
v -1.000000 0.750000 1.750000
v -0.750000 0.250000 1.750000
v -0.750000 0.750000 1.750000
v -0.750000 0.250000 1.000000
v -1.000000 0.250000 1.000000
v -1.000000 0.750000 1.000000
v -0.750000 0.750000 1.000000
v -1.000000 1.000000 1.250000
v -0.750000 1.000000 1.250000
v -0.750000 1.000000 1.750000
v -1.000000 1.000000 1.750000
v -0.750000 0.000000 1.250000
v -1.000000 0.000000 1.250000
v -0.750000 0.750000 2.000000
v -1.000000 0.000000 1.750000
v -0.750000 0.250000 2.000000
v -1.000000 0.250000 2.000000
v -1.000000 0.750000 2.000000
v -0.750000 0.000000 1.750000
v -0.750000 0.000000 1.000000
v -1.000000 0.000000 1.000000
v -1.000000 0.000000 2.000000
v -0.750000 0.000000 2.000000
v -0.812500 0.312500 1.312500
v -0.812500 0.687500 1.312500
v -0.812500 0.687500 1.687500
v -0.812500 0.312500 1.687500
v -0.875000 0.250000 1.250000
v -0.875000 0.750000 1.250000
v -0.875000 0.750000 1.750000
v -0.875000 0.250000 1.750000
v -0.750000 0.500000 1.500000
v 2.000000 0.250000 1.750000
v 2.000000 0.750000 1.750000
v 1.750000 0.250000 1.750000
v 1.750000 0.750000 1.750000
v 2.000000 0.250000 1.250000
v 2.000000 0.750000 1.250000
v 1.750000 0.250000 1.250000
v 1.750000 0.750000 1.250000
v 1.750000 0.250000 2.000000
v 2.000000 0.250000 2.000000
v 2.000000 0.750000 2.000000
v 1.750000 0.750000 2.000000
v 2.000000 1.000000 1.750000
v 1.750000 1.000000 1.750000
v 1.750000 1.000000 1.250000
v 2.000000 1.000000 1.250000
v 1.750000 0.000000 1.750000
v 2.000000 0.000000 1.750000
v 1.750000 0.750000 1.000000
v 2.000000 0.000000 1.250000
v 1.750000 0.250000 1.000000
v 2.000000 0.250000 1.000000
v 2.000000 0.750000 1.000000
v 1.750000 0.000000 1.250000
v 1.750000 0.000000 2.000000
v 2.000000 0.000000 2.000000
v 2.000000 0.000000 1.000000
v 1.750000 0.000000 1.000000
v 1.812500 0.312500 1.687500
v 1.812500 0.687500 1.687500
v 1.812500 0.687500 1.312500
v 1.812500 0.312500 1.312500
v 1.875000 0.250000 1.750000
v 1.875000 0.750000 1.750000
v 1.875000 0.750000 1.250000
v 1.875000 0.250000 1.250000
v 1.750000 0.500000 1.500000
v 2.000000 0.250000 -0.250000
v 2.000000 0.750000 -0.250000
v 1.750000 0.250000 -0.250000
v 1.750000 0.750000 -0.250000
v 2.000000 0.250000 -0.750000
v 2.000000 0.750000 -0.750000
v 1.750000 0.250000 -0.750000
v 1.750000 0.750000 -0.750000
v 1.750000 0.250000 0.000000
v 2.000000 0.250000 0.000000
v 2.000000 0.750000 0.000000
v 1.750000 0.750000 0.000000
v 2.000000 1.000000 -0.250000
v 1.750000 1.000000 -0.250000
v 1.750000 1.000000 -0.750000
v 2.000000 1.000000 -0.750000
v 1.750000 0.000000 -0.250000
v 2.000000 0.000000 -0.250000
v 1.750000 0.750000 -1.000000
v 2.000000 0.000000 -0.750000
v 1.750000 0.250000 -1.000000
v 2.000000 0.250000 -1.000000
v 2.000000 0.750000 -1.000000
v 1.750000 0.000000 -0.750000
v 1.750000 0.000000 0.000000
v 2.000000 0.000000 0.000000
v 2.000000 0.000000 -1.000000
v 1.750000 0.000000 -1.000000
v 1.812500 0.312500 -0.312500
v 1.812500 0.687500 -0.312500
v 1.812500 0.687500 -0.687500
v 1.812500 0.312500 -0.687500
v 1.875000 0.250000 -0.250000
v 1.875000 0.750000 -0.250000
v 1.875000 0.750000 -0.750000
v 1.875000 0.250000 -0.750000
v 1.750000 0.500000 -0.500000
v 1.250000 0.500000 -0.250000
v -0.250000 0.500000 -0.250000
v 1.250000 0.500000 1.250000
v -0.250000 0.500000 1.250000
v 1.250000 0.500000 1.812500
v -0.250000 0.500000 1.812500
v 1.250000 0.500000 -0.812500
v -0.250000 0.500000 -0.812500
v -0.750000 0.500000 -0.250000
v -0.750000 0.500000 1.250000
v -0.750000 0.500000 1.812500
v -0.750000 0.500000 -0.812500
v 1.750000 0.500000 -0.250000
v 1.750000 0.500000 1.250000
v 1.750000 0.500000 1.812500
v 1.750000 0.500000 -0.812500
v 1.250000 0.437500 1.875000
v -0.250000 0.437500 1.875000
v -0.750000 0.437500 1.875000
v 1.750000 0.437500 1.875000
v 1.250000 0.000000 1.875000
v -0.250000 0.000000 1.875000
v -0.750000 0.000000 1.875000
v 1.750000 0.000000 1.875000
v 1.250000 0.437500 -0.875000
v -0.250000 0.437500 -0.875000
v -0.750000 0.437500 -0.875000
v 1.750000 0.437500 -0.875000
v 1.250000 0.000000 -0.875000
v -0.250000 0.000000 -0.875000
v -0.750000 0.000000 -0.875000
v 1.750000 0.000000 -0.875000
v 1.625000 0.500000 1.750000
v 1.625000 0.500000 1.250000
v 1.750000 0.500000 1.250000
v 1.750000 0.500000 1.750000
v 1.750000 0.750000 1.250000
v 1.750000 0.750000 1.750000
v 1.625000 0.750000 1.250000
v 1.625000 0.750000 1.750000
v 1.500000 0.625000 1.750000
v 1.500000 0.500000 1.750000
v 1.500000 0.625000 1.250000
v 1.500000 0.500000 1.250000
v 1.625000 0.750000 -0.750000
v 1.750000 0.750000 -0.250000
v 1.750000 0.750000 -0.750000
v 1.750000 0.500000 -0.250000
v 1.750000 0.500000 -0.750000
v -0.125000 0.312500 1.875000
v -0.500000 0.312500 1.875000
v -0.500000 0.125000 1.875000
v -0.125000 0.125000 1.875000
v -0.125000 0.140625 1.937500
v -0.500000 0.140625 1.937500
v 1.500000 0.312500 1.875000
v 1.125000 0.312500 1.875000
v 1.125000 0.125000 1.875000
v 1.500000 0.125000 1.875000
v 1.500000 0.140625 1.937500
v 1.125000 0.140625 1.937500
v 1.125000 0.312500 -0.875000
v 1.500000 0.312500 -0.875000
v 1.500000 0.125000 -0.875000
v 1.125000 0.125000 -0.875000
v 1.125000 0.140625 -0.937500
v 1.500000 0.140625 -0.937500
v -0.500000 0.312500 -0.875000
v -0.125000 0.312500 -0.875000
v -0.125000 0.125000 -0.875000
v -0.500000 0.125000 -0.875000
v -0.500000 0.140625 -0.937500
v -0.125000 0.140625 -0.937500
v 0.312500 0.312500 -0.875000
v 0.687500 0.312500 -0.875000
v 0.687500 0.125000 -0.875000
v 0.312500 0.125000 -0.875000
v 0.312500 0.140625 -0.937500
v 0.687500 0.140625 -0.937500
v 0.499750 0.500000 -0.250000
v 0.499749 0.500000 1.250000
v 0.499749 0.500000 1.812500
v 0.499750 0.500000 -0.812500
v 0.499749 0.437500 1.875000
v 0.499749 0.000000 1.875000
v 0.499750 0.437500 -0.875000
v 0.499750 0.000000 -0.875000
v 1.250000 0.500000 0.500000
v -0.250000 0.500000 0.500000
v -0.750000 0.500000 0.500000
v 1.750000 0.500000 0.500000
v 0.499749 0.500000 0.500000
v -0.625501 0.500000 -0.750000
v -0.625501 0.500000 -0.250000
v -0.750501 0.500000 -0.250000
v -0.750501 0.500000 -0.750000
v -0.750501 0.750000 -0.250000
v -0.750501 0.750000 -0.750000
v -0.625501 0.750000 -0.250000
v -0.625501 0.750000 -0.750000
v -0.500501 0.500000 1.750000
v -0.500501 0.625000 1.750000
v -0.500501 0.500000 1.250000
v -0.500501 0.625000 1.250000
v -0.625501 0.750000 1.250000
v -0.625501 0.750000 1.750000
v -0.750501 0.750000 1.250000
v -0.750501 0.750000 1.750000
v -0.750501 0.500000 1.250000
v -0.750501 0.500000 1.750000
v -0.625501 0.500000 1.750000
v -0.625501 0.500000 1.250000
v 0.281250 -0.000000 2.028109
v 1.028109 1.000000 1.718750
v 1.028109 1.000000 1.281250
v 0.281250 1.000000 2.028109
v 0.718750 1.000000 2.028109
v 0.718750 1.000000 0.971891
v 0.281250 1.000000 0.971891
v -0.028109 1.000000 1.281250
v -0.028109 1.000000 1.718750
v 0.307138 1.000000 1.965609
v 0.034391 1.000000 1.692862
v 0.281250 0.500000 2.028109
v 1.028109 0.500000 1.718750
v 0.281250 0.500000 0.971891
v -0.028109 0.500000 1.281250
v -0.028109 0.500000 1.718750
v 1.028109 0.500000 1.281250
v 0.718750 0.500000 0.971891
v 0.718750 -0.000000 2.028109
v 0.718750 0.500000 2.028109
v -0.028109 0.000000 1.718750
v 1.028109 0.000000 1.718750
v 0.128141 0.000000 1.875000
v 0.871859 0.000000 1.875000
v 0.692861 1.000000 1.034391
v 0.965609 1.000000 1.692862
v 0.965609 1.000000 1.307138
v 0.307138 1.000000 1.034391
v 0.034391 1.000000 1.307138
v 0.409391 1.000000 1.537531
v 0.462469 1.000000 1.590609
v 0.537531 1.000000 1.590609
v 0.590609 1.000000 1.537531
v 0.590609 1.000000 1.462468
v 0.537531 1.000000 1.409391
v 0.462468 1.000000 1.409391
v 0.409391 1.000000 1.462469
v 0.692862 1.000000 1.965609
v 0.666973 1.062500 1.903109
v 0.903109 1.062500 1.666973
v 0.096891 1.062500 1.666973
v 0.333027 1.062500 1.903109
v 0.903109 1.062500 1.333027
v 0.666973 1.062500 1.096891
v 0.333026 1.062500 1.096891
v 0.096891 1.062500 1.333027
v 0.563420 1.062500 1.653109
v 0.653109 1.062500 1.563420
v 0.346891 1.062500 1.563420
v 0.436580 1.062500 1.653109
v 0.653109 1.062500 1.436580
v 0.563420 1.062500 1.346891
v 0.436580 1.062500 1.346891
v 0.346891 1.062500 1.436580
v 0.500000 1.000000 1.500000
v 1.625000 0.500000 -0.250000
v 1.625000 0.500000 -0.750000
v 1.625000 0.750000 -0.250000
v 1.500000 0.625000 -0.250000
v 1.500000 0.500000 -0.250000
v 1.500000 0.625000 -0.750000
v 1.500000 0.500000 -0.750000
v -0.500501 0.500000 -0.250000
v -0.500501 0.625000 -0.250000
v -0.500501 0.500000 -0.750000
v -0.500501 0.625000 -0.750000
v -0.218750 0.500000 1.375500
v -0.281250 0.500000 1.375500
v -0.218750 0.500000 1.062500
v -0.281250 0.500000 1.062500
v -0.312500 0.500000 1.500500
v -0.375000 0.500000 1.500500
v -0.406250 0.500000 1.625500
v -0.468750 0.500000 1.625500
v -0.406250 0.500000 1.000000
v -0.468750 0.500000 1.000000
v -0.218750 0.500000 1.438000
v 0.031250 0.500000 1.625500
v -0.312500 0.500000 1.563000
v 0.000000 0.500000 1.563000
v -0.406250 0.500000 1.688000
v 0.000000 0.500000 1.500500
v -0.031250 0.500000 1.375500
v -0.031250 0.500000 1.438000
v 0.031250 0.500000 1.688000
v -0.218750 0.562500 1.375500
v -0.281250 0.562500 1.375500
v -0.218750 0.562500 1.062500
v -0.281250 0.562500 1.062500
v -0.312500 0.562500 1.500500
v -0.375000 0.562500 1.500500
v -0.406250 0.562500 1.625500
v -0.468750 0.562500 1.625500
v -0.468750 0.562500 1.000000
v -0.406250 0.562500 1.000000
v 0.031250 0.562500 1.688000
v 0.031250 0.562500 1.625500
v -0.312500 0.562500 1.563000
v 0.000000 0.562500 1.563000
v 0.000000 0.562500 1.500500
v -0.406250 0.562500 1.688000
v -0.218750 0.562500 1.438000
v -0.031250 0.562500 1.438000
v -0.031250 0.562500 1.375500
v -0.375000 0.500000 0.937500
v -0.312500 0.500000 0.937500
v -0.375000 0.562500 0.937500
v -0.312500 0.562500 0.937500
v 1.312500 0.562500 0.937500
v 1.375000 0.562500 0.937500
v 1.312500 0.500000 0.937500
v 1.375000 0.500000 0.937500
v 1.031250 0.562500 1.375500
v 1.031250 0.562500 1.438000
v 1.218750 0.562500 1.438000
v 1.406250 0.562500 1.688000
v 1.000000 0.562500 1.500500
v 1.000000 0.562500 1.563000
v 1.312500 0.562500 1.563000
v 0.968750 0.562500 1.625500
v 0.968750 0.562500 1.688000
v 1.406250 0.562500 1.000000
v 1.468750 0.562500 1.000000
v 1.468750 0.562500 1.625500
v 1.406250 0.562500 1.625500
v 1.375000 0.562500 1.500500
v 1.312500 0.562500 1.500500
v 1.281250 0.562500 1.062500
v 1.218750 0.562500 1.062500
v 1.281250 0.562500 1.375500
v 1.218750 0.562500 1.375500
v 0.968750 0.500000 1.688000
v 1.031250 0.500000 1.438000
v 1.031250 0.500000 1.375500
v 1.000000 0.500000 1.500500
v 1.406250 0.500000 1.688000
v 1.000000 0.500000 1.563000
v 1.312500 0.500000 1.563000
v 0.968750 0.500000 1.625500
v 1.218750 0.500000 1.438000
v 1.468750 0.500000 1.000000
v 1.406250 0.500000 1.000000
v 1.468750 0.500000 1.625500
v 1.406250 0.500000 1.625500
v 1.375000 0.500000 1.500500
v 1.312500 0.500000 1.500500
v 1.281250 0.500000 1.062500
v 1.218750 0.500000 1.062500
v 1.281250 0.500000 1.375500
v 1.218750 0.500000 1.375500
v -0.750250 0.500000 0.875000
v -0.750250 0.812500 0.875000
v -0.750250 0.500000 0.000000
v -0.750250 0.812500 0.000000
v -0.000250 0.500000 0.875000
v -0.000250 0.812500 0.875000
v -0.000250 0.500000 0.250000
v -0.000250 0.812500 0.250000
v 0.499750 0.875000 -0.687500
v -0.000250 0.875000 -0.687500
v -0.687750 0.875000 0.000000
v -0.687750 0.875000 0.875000
v -0.000250 0.500000 -0.750000
v -0.000250 0.812500 -0.750000
v 0.499750 0.500000 -0.750000
v 0.499750 0.812500 -0.750000
v 0.249750 0.500000 0.000000
v 0.249750 0.812500 0.000000
v 0.499750 0.500000 0.000000
v 0.499750 0.812500 0.000000
v -0.562750 0.500000 1.062500
v -0.562750 0.812500 1.062500
v -0.187750 0.812500 1.062500
v -0.187750 0.500000 1.062500
v -0.062750 0.875000 0.875000
v -0.062750 0.875000 0.250000
v -0.562750 0.875000 1.000000
v -0.187750 0.875000 1.000000
v 0.249750 0.875000 -0.062500
v 0.499750 0.875000 -0.062500
v 1.749750 0.500000 0.875000
v 1.749750 0.812500 0.875000
v 1.749750 0.500000 0.000000
v 1.749750 0.812500 0.000000
v 0.999750 0.500000 0.875000
v 0.999750 0.812500 0.875000
v 0.999750 0.500000 0.250000
v 0.999750 0.812500 0.250000
v 0.999750 0.875000 -0.687500
v 1.687250 0.875000 0.000000
v 1.687250 0.875000 0.875000
v 0.999750 0.500000 -0.750000
v 0.999750 0.812500 -0.750000
v 0.749750 0.500000 0.000000
v 0.749750 0.812500 0.000000
v 1.562250 0.500000 1.062500
v 1.562250 0.812500 1.062500
v 1.187250 0.812500 1.062500
v 1.187250 0.500000 1.062500
v 1.062250 0.875000 0.875000
v 1.062250 0.875000 0.250000
v 1.562250 0.875000 1.000000
v 1.187250 0.875000 1.000000
v 0.749750 0.875000 -0.062500
v 0.312250 1.187500 0.687500
v 0.312250 1.125000 0.875000
v 0.124750 1.125000 0.687500
v 0.312250 1.187500 0.812500
v 0.187250 1.187500 0.687500
v 0.687250 1.187500 0.687500
v 0.874750 1.125000 0.687500
v 0.687250 1.125000 0.875000
v 0.812250 1.187500 0.687500
v 0.687250 1.187500 0.812500
v 0.687250 1.187500 0.312500
v 0.687250 1.125000 0.125000
v 0.874750 1.125000 0.312500
v 0.687250 1.187500 0.187500
v 0.812250 1.187500 0.312500
v 0.312250 1.187500 0.312500
v 0.124750 1.125000 0.312500
v 0.312250 1.125000 0.125000
v 0.187250 1.187500 0.312500
v 0.312250 1.187500 0.187500
v 0.249750 1.562500 0.312500
v 0.249750 1.187500 0.312500
v 0.749750 1.562500 0.312500
v 0.749750 1.187500 0.312500
v 0.249750 1.562500 0.687500
v 0.249750 1.187500 0.687500
v 0.749750 1.562500 0.687500
v 0.749750 1.187500 0.687500
v 0.312250 1.187500 0.750000
v 0.312250 1.562500 0.750000
v 0.312250 1.187500 0.250000
v 0.312250 1.562500 0.250000
v 0.687250 1.187500 0.750000
v 0.687250 1.562500 0.750000
v 0.687250 1.187500 0.250000
v 0.687250 1.562500 0.250000
v 0.687250 1.625000 0.875000
v 0.687250 1.562500 0.812500
v 0.312250 1.562500 0.687500
v 0.312250 1.625000 0.875000
v 0.312250 1.562500 0.812500
v 0.312250 1.812500 0.812500
v 0.687250 1.750000 0.875000
v 0.687250 1.812500 0.812500
v 0.687250 1.812500 0.750000
v 0.499750 1.625000 0.500000
v 0.499750 1.125000 0.500000
v 0.312250 1.625000 0.125000
v 0.312250 1.562500 0.187500
v 0.187250 1.562500 0.312500
v 0.312250 1.750000 0.125000
v 0.187250 1.812500 0.312500
v 0.312250 1.812500 0.187500
v 0.312250 1.812500 0.250000
v 0.249750 1.812500 0.312500
v 0.624750 1.812500 0.375000
v 0.499750 1.812500 0.500000
v 0.687249 1.562500 0.312500
v 0.874749 1.625000 0.312500
v 0.687249 1.625000 0.125000
v 0.812249 1.562500 0.312500
v 0.687249 1.562500 0.187500
v 0.687249 1.562500 0.687500
v 0.874750 1.750000 0.687500
v 0.874749 1.625000 0.687500
v 0.812249 1.562500 0.687500
v 0.624749 1.750000 0.625000
v 0.812249 1.812500 0.687500
v 0.687249 1.750000 0.125000
v 0.874749 1.750000 0.312500
v 0.687249 1.812500 0.187500
v 0.812249 1.812500 0.312500
v 0.749749 1.812500 0.687500
v 0.749749 1.812500 0.312500
v 0.624749 1.750000 0.375000
v 0.687249 1.812500 0.250000
v 0.687249 1.750000 0.312500
v 0.687249 1.750000 0.687500
v 0.562249 1.875000 0.437500
v 0.562249 1.875000 0.562500
v 0.624749 1.812500 0.625000
v 0.124750 1.625000 0.687500
v 0.187250 1.562500 0.687500
v 0.312250 1.562500 0.312500
v 0.124750 1.750000 0.312500
v 0.124750 1.625000 0.312500
v 0.374750 1.750000 0.375000
v 0.312250 1.750000 0.875000
v 0.124750 1.750000 0.687500
v 0.187250 1.812500 0.687500
v 0.249750 1.812500 0.687500
v 0.374750 1.750000 0.625000
v 0.312250 1.812500 0.750000
v 0.312250 1.750000 0.687500
v 0.312250 1.750000 0.312500
v 0.437250 1.875000 0.562500
v 0.437250 1.875000 0.437500
v 0.374750 1.812500 0.625000
v 0.374750 1.812500 0.375000
v 0.249750 1.562500 0.312500
v 0.249750 1.187500 0.312500
v 0.749750 1.562500 0.312500
v 0.749750 1.187500 0.312500
v 0.249750 1.562500 0.687500
v 0.249750 1.187500 0.687500
v 0.749750 1.562500 0.687500
v 0.749750 1.187500 0.687500
v 0.312250 1.187500 0.750000
v 0.312250 1.562500 0.750000
v 0.312250 1.187500 0.250000
v 0.312250 1.562500 0.250000
v 0.687250 1.187500 0.750000
v 0.687250 1.562500 0.750000
v 0.687250 1.187500 0.250000
v 0.687250 1.562500 0.250000
v 0.437250 1.562500 -0.437500
v 0.249750 0.875000 -0.437500
v 0.249750 1.500000 -0.437500
v 0.437250 0.875000 -0.625000
v 0.437250 1.500000 -0.625000
v 0.312250 1.562500 -0.437500
v 0.437250 1.562500 -0.562500
v 0.437250 1.562500 -0.312500
v 0.437250 0.875000 -0.125000
v 0.437250 1.500000 -0.125000
v 0.249750 0.875000 -0.312500
v 0.249750 1.500000 -0.312500
v 0.437250 1.562500 -0.187500
v 0.312250 1.562500 -0.312500
v 0.562250 1.562500 -0.312500
v 0.749750 0.875000 -0.312500
v 0.749750 1.500000 -0.312500
v 0.562250 0.875000 -0.125000
v 0.562250 1.500000 -0.125000
v 0.687250 1.562500 -0.312500
v 0.562250 1.562500 -0.187500
v 0.562250 1.562500 -0.437500
v 0.562249 0.875000 -0.625000
v 0.562249 1.500000 -0.625000
v 0.749750 0.875000 -0.437500
v 0.749750 1.500000 -0.437500
v 0.562249 1.562500 -0.562500
v 0.687250 1.562500 -0.437500
v 0.562250 2.312500 -0.500000
v 0.562250 1.562500 -0.500000
v 0.562250 2.312500 -0.250000
v 0.562250 1.562500 -0.250000
v 0.437250 2.312500 -0.500000
v 0.437250 1.562500 -0.500000
v 0.437250 2.312500 -0.250000
v 0.437250 1.562500 -0.250000
v 0.374750 1.562500 -0.437500
v 0.374750 2.312500 -0.437500
v 0.624750 1.562500 -0.437500
v 0.624750 2.312500 -0.437500
v 0.374750 1.562500 -0.312500
v 0.374750 2.312500 -0.312500
v 0.624750 1.562500 -0.312500
v 0.624750 2.312500 -0.312500
v 0.562250 2.312500 -0.437500
v 0.312250 2.375000 -0.437500
v 0.437250 2.375000 -0.562500
v 0.687250 2.312500 -0.437500
v 0.562250 2.312500 -0.562500
v 0.562250 2.312500 -0.312500
v 0.437250 2.375000 -0.187500
v 0.312250 2.375000 -0.312500
v 0.562250 2.312500 -0.187500
v 0.687250 2.312500 -0.312500
v 0.437250 2.312500 -0.312500
v 0.687250 2.375000 -0.312500
v 0.562250 2.375000 -0.187500
v 0.312250 2.312500 -0.312500
v 0.437250 2.312500 -0.187500
v 0.437250 2.312500 -0.437500
v 0.562250 2.375000 -0.562500
v 0.687250 2.375000 -0.437500
v 0.437250 2.312500 -0.562500
v 0.312250 2.312500 -0.437500
v 0.562250 2.375000 -0.500000
v 0.437250 2.375000 -0.500000
v 0.374750 2.375000 -0.312500
v 0.374750 2.375000 -0.437500
v 0.562250 2.375000 -0.250000
v 0.437250 2.375000 -0.250000
v 0.624750 2.375000 -0.437500
v 0.624750 2.375000 -0.312500
v 0.562250 2.437500 -0.500000
v 0.437250 2.437500 -0.500000
v 0.374750 2.437500 -0.312500
v 0.374750 2.437500 -0.437500
v 0.562250 2.437500 -0.250000
v 0.437250 2.437500 -0.250000
v 0.624750 2.437500 -0.437500
v 0.624750 2.437500 -0.312500
v 0.468500 2.500000 -0.406250
v 0.531000 2.500000 -0.406250
v 0.531000 2.500000 -0.343750
v 0.468500 2.500000 -0.343750
v 0.437250 2.500000 -0.437500
v 0.562250 2.500000 -0.437500
v 0.562250 2.500000 -0.312500
v 0.437250 2.500000 -0.312500
v 0.499750 2.437500 -0.375000
v 0.562250 2.312500 -0.500000
v 0.562250 1.562500 -0.500000
v 0.562250 2.312500 -0.250000
v 0.562250 1.562500 -0.250000
v 0.437250 2.312500 -0.500000
v 0.437250 1.562500 -0.500000
v 0.437250 2.312500 -0.250000
v 0.437250 1.562500 -0.250000
v 0.374750 1.562500 -0.437500
v 0.374750 2.312500 -0.437500
v 0.624750 1.562500 -0.437500
v 0.624750 2.312500 -0.437500
v 0.374750 1.562500 -0.312500
v 0.374750 2.312500 -0.312500
v 0.624750 1.562500 -0.312500
v 0.624750 2.312500 -0.312500
v -0.187750 1.437500 -0.062500
v -0.187751 1.375000 0.125000
v -0.375251 1.375000 -0.062500
v -0.187751 1.437500 0.062500
v -0.312751 1.437500 -0.062500
v -0.062751 1.437500 -0.062500
v 0.124749 1.375000 -0.062500
v -0.062751 1.375000 0.125000
v 0.062250 1.437500 -0.062500
v -0.062751 1.437500 0.062500
v -0.062751 1.437500 -0.187500
v -0.062750 1.375000 -0.375000
v 0.124750 1.375000 -0.187500
v -0.062750 1.437500 -0.312500
v 0.062250 1.437500 -0.187500
v -0.187750 1.437500 -0.187500
v -0.375250 1.375000 -0.187500
v -0.187750 1.375000 -0.375000
v -0.312751 1.437500 -0.187500
v -0.187750 1.437500 -0.312500
v -0.250251 2.187500 -0.187500
v -0.250251 1.437500 -0.187500
v -0.000251 2.187500 -0.187500
v -0.000251 1.437500 -0.187500
v -0.250250 2.187500 -0.062500
v -0.250250 1.437500 -0.062500
v -0.000251 2.187500 -0.062500
v -0.000251 1.437500 -0.062500
v -0.187751 1.437500 0.000000
v -0.187751 2.187500 0.000000
v -0.187751 1.437500 -0.250000
v -0.187751 2.187500 -0.250000
v -0.062751 1.437500 0.000000
v -0.062751 2.187500 0.000000
v -0.062751 1.437500 -0.250000
v -0.062751 2.187500 -0.250000
v -0.187751 2.187500 -0.187500
v -0.187750 2.250000 0.062500
v -0.312751 2.250000 -0.062500
v -0.187750 2.187500 -0.312500
v -0.312751 2.187500 -0.187500
v -0.062751 2.187500 -0.187500
v 0.062249 2.250000 -0.062500
v -0.062751 2.250000 0.062500
v 0.062250 2.187500 -0.187500
v -0.062751 2.187500 -0.312500
v -0.062751 2.187500 -0.062500
v -0.062751 2.250000 -0.312500
v 0.062250 2.250000 -0.187500
v -0.062751 2.187500 0.062500
v 0.062249 2.187500 -0.062500
v -0.187750 2.187500 -0.062500
v -0.312751 2.250000 -0.187500
v -0.187750 2.250000 -0.312500
v -0.312751 2.187500 -0.062500
v -0.187750 2.187500 0.062500
v -0.250251 2.250000 -0.187500
v -0.250251 2.250000 -0.062500
v -0.062751 2.250000 0.000000
v -0.187750 2.250000 0.000000
v -0.000250 2.250000 -0.187500
v -0.000251 2.250000 -0.062500
v -0.187750 2.250000 -0.250000
v -0.062750 2.250000 -0.250000
v -0.250251 2.312500 -0.187500
v -0.250251 2.312500 -0.062500
v -0.062751 2.312500 0.000000
v -0.187750 2.312500 0.000000
v -0.000250 2.312500 -0.187500
v -0.000251 2.312500 -0.062500
v -0.187750 2.312500 -0.250000
v -0.062750 2.312500 -0.250000
v -0.156501 2.375000 -0.093750
v -0.156501 2.375000 -0.156250
v -0.094000 2.375000 -0.156250
v -0.094000 2.375000 -0.093750
v -0.187751 2.375000 -0.062500
v -0.187750 2.375000 -0.187500
v -0.062750 2.375000 -0.187500
v -0.062750 2.375000 -0.062500
v -0.125251 2.312500 -0.125000
v -0.250251 2.187500 -0.187500
v -0.250251 1.437500 -0.187500
v -0.000251 2.187500 -0.187500
v -0.000251 1.437500 -0.187500
v -0.250250 2.187500 -0.062500
v -0.250250 1.437500 -0.062500
v -0.000251 2.187500 -0.062500
v -0.000251 1.437500 -0.062500
v -0.187751 1.437500 0.000000
v -0.187751 2.187500 0.000000
v -0.187751 1.437500 -0.250000
v -0.187751 2.187500 -0.250000
v -0.062751 1.437500 0.000000
v -0.062751 2.187500 0.000000
v -0.062751 1.437500 -0.250000
v -0.062751 2.187500 -0.250000
v -0.437750 1.312500 0.562500
v -0.437750 1.250000 0.750000
v -0.625250 1.250000 0.562500
v -0.437750 1.312500 0.687500
v -0.562750 1.312500 0.562500
v -0.312750 1.312500 0.562500
v -0.125250 1.250000 0.562500
v -0.312750 1.250000 0.750000
v -0.187750 1.312500 0.562500
v -0.312750 1.312500 0.687500
v -0.312750 1.312500 0.437500
v -0.312750 1.250000 0.250000
v -0.125250 1.250000 0.437500
v -0.312750 1.312500 0.312500
v -0.187750 1.312500 0.437500
v -0.437750 1.312500 0.437500
v -0.625250 1.250000 0.437500
v -0.437750 1.250000 0.250000
v -0.562750 1.312500 0.437500
v -0.437750 1.312500 0.312500
v -0.500250 2.062500 0.437500
v -0.500250 1.312500 0.437500
v -0.250250 2.062500 0.437500
v -0.250250 1.312500 0.437500
v -0.500250 2.062500 0.562500
v -0.500250 1.312500 0.562500
v -0.250250 2.062500 0.562500
v -0.250250 1.312500 0.562500
v -0.437750 1.312500 0.625000
v -0.437750 2.062500 0.625000
v -0.437750 1.312500 0.375000
v -0.437750 2.062500 0.375000
v -0.312750 1.312500 0.625000
v -0.312750 2.062500 0.625000
v -0.312750 1.312500 0.375000
v -0.312750 2.062500 0.375000
v -0.437750 2.062500 0.437500
v -0.437750 2.125000 0.687500
v -0.562750 2.125000 0.562500
v -0.437750 2.062500 0.312500
v -0.562750 2.062500 0.437500
v -0.312750 2.062500 0.437500
v -0.187750 2.125000 0.562500
v -0.312750 2.125000 0.687500
v -0.187750 2.062500 0.437500
v -0.312750 2.062500 0.312500
v -0.312750 2.062500 0.562500
v -0.312750 2.125000 0.312500
v -0.187750 2.125000 0.437500
v -0.312750 2.062500 0.687500
v -0.187750 2.062500 0.562500
v -0.437750 2.062500 0.562500
v -0.562750 2.125000 0.437500
v -0.437750 2.125000 0.312500
v -0.562750 2.062500 0.562500
v -0.437750 2.062500 0.687500
v -0.500250 2.125000 0.437500
v -0.500250 2.125000 0.562500
v -0.312750 2.125000 0.625000
v -0.437750 2.125000 0.625000
v -0.250250 2.125000 0.437500
v -0.250250 2.125000 0.562500
v -0.437750 2.125000 0.375000
v -0.312750 2.125000 0.375000
v -0.500250 2.187500 0.437500
v -0.500250 2.187500 0.562500
v -0.312750 2.187500 0.625000
v -0.437750 2.187500 0.625000
v -0.250250 2.187500 0.437500
v -0.250250 2.187500 0.562500
v -0.437750 2.187500 0.375000
v -0.312750 2.187500 0.375000
v -0.406500 2.250000 0.531250
v -0.406500 2.250000 0.468750
v -0.344000 2.250000 0.468750
v -0.344000 2.250000 0.531250
v -0.437750 2.250000 0.562500
v -0.437750 2.250000 0.437500
v -0.312750 2.250000 0.437500
v -0.312750 2.250000 0.562500
v -0.375250 2.187500 0.500000
v -0.500250 2.062500 0.437500
v -0.500250 1.312500 0.437500
v -0.250250 2.062500 0.437500
v -0.250250 1.312500 0.437500
v -0.500250 2.062500 0.562500
v -0.500250 1.312500 0.562500
v -0.250250 2.062500 0.562500
v -0.250250 1.312500 0.562500
v -0.437750 1.312500 0.625000
v -0.437750 2.062500 0.625000
v -0.437750 1.312500 0.375000
v -0.437750 2.062500 0.375000
v -0.312750 1.312500 0.625000
v -0.312750 2.062500 0.625000
v -0.312750 1.312500 0.375000
v -0.312750 2.062500 0.375000
v 1.437250 1.312500 0.437500
v 1.437250 1.250000 0.250000
v 1.624750 1.250000 0.437500
v 1.437250 1.312500 0.312500
v 1.562250 1.312500 0.437500
v 1.312250 1.312500 0.437500
v 1.124750 1.250000 0.437500
v 1.312250 1.250000 0.250000
v 1.187250 1.312500 0.437500
v 1.312250 1.312500 0.312500
v 1.312250 1.312500 0.562500
v 1.312250 1.250000 0.750000
v 1.124750 1.250000 0.562500
v 1.312250 1.312500 0.687500
v 1.187250 1.312500 0.562500
v 1.437250 1.312500 0.562500
v 1.624750 1.250000 0.562500
v 1.437250 1.250000 0.750000
v 1.562250 1.312500 0.562500
v 1.437250 1.312500 0.687500
v 1.499750 2.062500 0.562500
v 1.499750 1.312500 0.562500
v 1.249750 2.062500 0.562500
v 1.249750 1.312500 0.562500
v 1.499750 2.062500 0.437500
v 1.499750 1.312500 0.437500
v 1.249750 2.062500 0.437500
v 1.249750 1.312500 0.437500
v 1.437250 1.312500 0.375000
v 1.437250 2.062500 0.375000
v 1.437250 1.312500 0.625000
v 1.437250 2.062500 0.625000
v 1.312250 1.312500 0.375000
v 1.312250 2.062500 0.375000
v 1.312250 1.312500 0.625000
v 1.312250 2.062500 0.625000
v 1.437250 2.062500 0.562500
v 1.437250 2.125000 0.312500
v 1.562250 2.125000 0.437500
v 1.437250 2.062500 0.687500
v 1.562250 2.062500 0.562500
v 1.312250 2.062500 0.562500
v 1.187250 2.125000 0.437500
v 1.312250 2.125000 0.312500
v 1.187250 2.062500 0.562500
v 1.312250 2.062500 0.687500
v 1.312250 2.062500 0.437500
v 1.312250 2.125000 0.687500
v 1.187250 2.125000 0.562500
v 1.312250 2.062500 0.312500
v 1.187250 2.062500 0.437500
v 1.437250 2.062500 0.437500
v 1.562250 2.125000 0.562500
v 1.437250 2.125000 0.687500
v 1.562250 2.062500 0.437500
v 1.437250 2.062500 0.312500
v 1.499750 2.125000 0.562500
v 1.499750 2.125000 0.437500
v 1.312250 2.125000 0.375000
v 1.437250 2.125000 0.375000
v 1.249750 2.125000 0.562500
v 1.249750 2.125000 0.437500
v 1.437250 2.125000 0.625000
v 1.312250 2.125000 0.625000
v 1.499750 2.187500 0.562500
v 1.499750 2.187500 0.437500
v 1.312250 2.187500 0.375000
v 1.437250 2.187500 0.375000
v 1.249750 2.187500 0.562500
v 1.249750 2.187500 0.437500
v 1.437250 2.187500 0.625000
v 1.312250 2.187500 0.625000
v 1.406000 2.250000 0.468750
v 1.406000 2.250000 0.531250
v 1.343499 2.250000 0.531250
v 1.343499 2.250000 0.468750
v 1.437250 2.250000 0.437500
v 1.437250 2.250000 0.562500
v 1.312250 2.250000 0.562500
v 1.312249 2.250000 0.437500
v 1.374750 2.187500 0.500000
v 1.499750 2.062500 0.562500
v 1.499750 1.312500 0.562500
v 1.249750 2.062500 0.562500
v 1.249750 1.312500 0.562500
v 1.499750 2.062500 0.437500
v 1.499750 1.312500 0.437500
v 1.249750 2.062500 0.437500
v 1.249750 1.312500 0.437500
v 1.437250 1.312500 0.375000
v 1.437250 2.062500 0.375000
v 1.437250 1.312500 0.625000
v 1.437250 2.062500 0.625000
v 1.312250 1.312500 0.375000
v 1.312250 2.062500 0.375000
v 1.312250 1.312500 0.625000
v 1.312250 2.062500 0.625000
v 1.249749 2.187500 -0.062500
v 1.249749 1.437500 -0.062500
v 0.999749 2.187500 -0.062500
v 0.999749 1.437500 -0.062500
v 1.249749 2.187500 -0.187500
v 1.249749 1.437500 -0.187500
v 0.999749 2.187500 -0.187500
v 0.999749 1.437500 -0.187500
v 1.062249 1.437500 -0.000000
v 1.062249 2.187500 -0.000000
v 1.062250 1.437500 -0.250000
v 1.062250 2.187500 -0.250000
v 1.187249 1.437500 0.000000
v 1.187249 2.187500 0.000000
v 1.187249 1.437500 -0.250000
v 1.187249 2.187500 -0.250000
v 1.124749 2.312500 -0.125000
v 1.062250 2.375000 -0.062500
v 1.187249 2.375000 -0.062500
v 1.187250 2.375000 -0.187500
v 1.062250 2.375000 -0.187500
v 1.093500 2.375000 -0.093750
v 1.155999 2.375000 -0.093750
v 1.155999 2.375000 -0.156250
v 1.093499 2.375000 -0.156250
v 1.249749 2.312500 -0.062500
v 1.249750 2.312500 -0.187500
v 1.062249 2.312500 -0.000000
v 1.187249 2.312500 0.000000
v 0.999750 2.312500 -0.187500
v 0.999749 2.312500 -0.062500
v 1.062250 2.312500 -0.250000
v 1.187250 2.312500 -0.250000
v 1.249749 2.250000 -0.062500
v 1.249750 2.250000 -0.187500
v 1.062249 2.250000 -0.000000
v 1.187249 2.250000 0.000000
v 0.999750 2.250000 -0.187500
v 0.999749 2.250000 -0.062500
v 1.062250 2.250000 -0.250000
v 1.187250 2.250000 -0.250000
v 0.937250 2.187500 -0.187500
v 1.062250 2.187500 -0.312500
v 1.312250 2.250000 -0.187500
v 1.187250 2.250000 -0.312500
v 1.062250 2.187500 -0.187500
v 1.062249 2.187500 0.062500
v 0.937249 2.187500 -0.062500
v 1.187249 2.250000 0.062500
v 1.312249 2.250000 -0.062500
v 1.062249 2.187500 -0.062500
v 1.312249 2.187500 -0.062500
v 1.187249 2.187500 0.062500
v 0.937249 2.250000 -0.062500
v 1.062249 2.250000 0.062500
v 1.187249 2.187500 -0.062500
v 1.187250 2.187500 -0.312500
v 1.312250 2.187500 -0.187500
v 1.062250 2.250000 -0.312500
v 0.937250 2.250000 -0.187500
v 1.187250 2.187500 -0.187500
v 1.249749 2.187500 -0.062500
v 1.249749 1.437500 -0.062500
v 0.999749 2.187500 -0.062500
v 0.999749 1.437500 -0.062500
v 1.249749 2.187500 -0.187500
v 1.249749 1.437500 -0.187500
v 0.999749 2.187500 -0.187500
v 0.999749 1.437500 -0.187500
v 1.062249 1.437500 -0.000000
v 1.062249 2.187500 -0.000000
v 1.062250 1.437500 -0.250000
v 1.062250 2.187500 -0.250000
v 1.187249 1.437500 0.000000
v 1.187249 2.187500 0.000000
v 1.187249 1.437500 -0.250000
v 1.187249 2.187500 -0.250000
v 1.312250 1.437500 -0.187500
v 1.187249 1.437500 -0.312500
v 1.374750 1.375000 -0.187500
v 1.187249 1.375000 -0.375000
v 1.187250 1.437500 -0.187500
v 1.187249 1.437500 0.062500
v 1.312249 1.437500 -0.062500
v 1.187249 1.375000 0.125000
v 1.374749 1.375000 -0.062500
v 1.187249 1.437500 -0.062500
v 0.937249 1.437500 -0.062500
v 1.062249 1.437500 0.062500
v 0.874749 1.375000 -0.062500
v 1.062249 1.375000 0.125000
v 1.062249 1.437500 -0.062500
v 1.062249 1.437500 -0.312500
v 0.937249 1.437500 -0.187500
v 1.062249 1.375000 -0.375000
v 0.874749 1.375000 -0.187500
v 1.062250 1.437500 -0.187500
v 0.499750 1.125000 0.500000
v 1.374750 0.875000 -0.187500
v 1.374750 0.937500 -0.187500
v 1.187249 0.875000 -0.375000
v 1.187249 0.937500 -0.375000
v 1.187249 0.875000 0.125000
v 1.187249 0.937500 0.125000
v 1.374749 0.875000 -0.062500
v 1.374749 0.937500 -0.062500
v 0.874749 0.875000 -0.062500
v 0.874749 0.937500 -0.062500
v 1.062249 0.875000 0.125000
v 1.062249 0.937500 0.125000
v 1.062249 0.875000 -0.375000
v 1.062249 0.937500 -0.375000
v 0.874749 0.875000 -0.187500
v 0.874749 0.937500 -0.187500
v 1.437250 0.937500 0.250000
v 1.624750 0.937500 0.437500
v 1.124750 0.937500 0.437500
v 1.312250 0.937500 0.250000
v 1.312250 0.937500 0.750000
v 1.124750 0.937500 0.562500
v 1.624750 0.937500 0.562500
v 1.437250 0.937500 0.750000
v -0.437750 0.937500 0.750000
v -0.625250 0.937500 0.562500
v -0.125250 0.937500 0.562500
v -0.312750 0.937500 0.750000
v -0.312750 0.937500 0.250000
v -0.125250 0.937500 0.437500
v -0.625250 0.937500 0.437500
v -0.437750 0.937500 0.250000
v -0.187751 0.874940 0.125000
v -0.187751 0.937440 0.125000
v -0.375251 0.874940 -0.062500
v -0.375251 0.937440 -0.062500
v 0.124749 0.874940 -0.062500
v 0.124749 0.937440 -0.062500
v -0.062751 0.874940 0.125000
v -0.062751 0.937440 0.125000
v -0.062750 0.874940 -0.375000
v -0.062750 0.937440 -0.375000
v 0.124750 0.874940 -0.187500
v 0.124750 0.937440 -0.187500
v -0.375250 0.874940 -0.187500
v -0.375250 0.937440 -0.187500
v -0.187750 0.874940 -0.375000
v -0.187750 0.937440 -0.375000
v 1.437250 0.875000 0.250000
v 1.624750 0.875000 0.437500
v 1.124750 0.875000 0.437500
v 1.312250 0.875000 0.250000
v 1.312250 0.875000 0.750000
v 1.124750 0.875000 0.562500
v 1.624750 0.875000 0.562500
v 1.437250 0.875000 0.750000
v -0.437750 0.875000 0.750000
v -0.625250 0.875000 0.562500
v 0.312250 0.562500 0.875000
v -0.125250 0.875000 0.562500
v 0.124750 0.562500 0.687500
v 0.874750 0.562500 0.687500
v 0.687250 0.562500 0.875000
v -0.312750 0.875000 0.750000
v 0.687250 0.562500 0.125000
v 0.874750 0.562500 0.312500
v 0.124750 0.562500 0.312500
v -0.312750 0.875000 0.250000
v 0.312250 0.562500 0.125000
v 0.312250 0.750000 0.125000
v 0.124750 0.750000 0.312500
v -0.125250 0.875000 0.437500
v 0.874750 0.750000 0.312500
v 0.687250 0.750000 0.125000
v 0.687250 0.750000 0.875000
v -0.625250 0.875000 0.437500
v 0.874750 0.750000 0.687500
v 0.124750 0.750000 0.687500
v 0.312250 0.750000 0.875000
v -0.437750 0.875000 0.250000
v 0.312250 0.500000 0.875000
v 0.124750 0.500000 0.687500
v 0.874750 0.500000 0.687500
v 0.687250 0.500000 0.875000
v 0.687250 0.500000 0.125000
v 0.874750 0.500000 0.312500
v 0.124750 0.500000 0.312500
v 0.312250 0.500000 0.125000
v -0.125250 1.000000 0.562500
v -0.125250 1.125000 0.562500
v -0.125250 1.000000 0.437500
v -0.125250 1.125000 0.437500
v -0.062750 1.000000 0.562500
v -0.062750 1.125000 0.562500
v -0.062750 1.000000 0.437500
v -0.062750 1.125000 0.437500
v 0.124750 0.750000 0.437500
v 0.124750 0.875000 0.437500
v 0.124750 0.750000 0.562500
v 0.124750 0.875000 0.562500
v 0.062250 0.750000 0.437500
v 0.062250 0.875000 0.437500
v 0.062250 0.750000 0.562500
v 0.062250 0.875000 0.562500
v 0.062250 0.781250 0.468750
v 0.031000 1.031250 0.531250
v 0.031000 1.031250 0.468750
v -0.031500 1.031250 0.468750
v -0.031500 1.093750 0.468750
v -0.031500 1.031250 0.531250
v -0.031500 1.093750 0.531250
v -0.062750 1.093750 0.468750
v -0.062750 1.031250 0.468750
v -0.062750 1.093750 0.531250
v -0.062750 1.031250 0.531250
v 0.062250 0.843750 0.468750
v 0.062250 0.781250 0.531250
v 0.062250 0.843750 0.531250
v 0.031000 0.843750 0.531250
v 0.031000 0.781250 0.531250
v 0.031000 0.781250 0.468750
v 0.031000 0.843750 0.468750
v -0.031500 0.843750 0.531250
v -0.031500 0.843750 0.468750
v 0.437250 1.125000 -0.125000
v 0.437250 1.250000 -0.125000
v 0.562250 1.125000 -0.125000
v 0.562250 1.250000 -0.125000
v 0.437250 1.125000 -0.062500
v 0.437250 1.250000 -0.062500
v 0.562250 1.125000 -0.062500
v 0.562250 1.250000 -0.062500
v 0.562250 0.875000 0.125000
v 0.562250 1.000000 0.125000
v 0.437250 0.875000 0.125000
v 0.437250 1.000000 0.125000
v 0.562250 0.875000 0.062500
v 0.562250 1.000000 0.062500
v 0.437250 0.875000 0.062500
v 0.437250 1.000000 0.062500
v 0.531000 0.906250 0.062500
v 0.468500 1.156250 0.031250
v 0.531000 1.156250 0.031250
v 0.531000 1.156250 -0.031250
v 0.531000 1.218750 -0.031250
v 0.468500 1.156250 -0.031250
v 0.468500 1.218750 -0.031250
v 0.531000 1.218750 -0.062500
v 0.531000 1.156250 -0.062500
v 0.468500 1.218750 -0.062500
v 0.468500 1.156250 -0.062500
v 0.531000 0.968750 0.062500
v 0.468500 0.906250 0.062500
v 0.468500 0.968750 0.062500
v 0.468500 0.968750 0.031250
v 0.468500 0.906250 0.031250
v 0.531000 0.906250 0.031250
v 0.531000 0.968750 0.031250
v 0.468500 0.968750 -0.031250
v 0.531000 0.968750 -0.031250
v 0.961137 1.187500 0.127001
v 0.961137 1.062500 0.127001
v 0.872748 1.187500 0.038613
v 0.872748 1.062500 0.038613
v 1.049525 1.187500 0.038613
v 1.049525 1.062500 0.038613
v 0.961137 1.187500 -0.049776
v 0.961137 1.062500 -0.049776
v 0.784360 0.812500 0.303778
v 0.784360 0.937500 0.303778
v 0.695972 0.812500 0.215389
v 0.695972 0.937500 0.215389
v 0.872748 0.812500 0.215389
v 0.872748 0.937500 0.215389
v 0.784360 0.812500 0.127001
v 0.784360 0.937500 0.127001
v 0.850651 0.843750 0.193292
v 0.828554 1.093750 0.127001
v 0.872748 1.093750 0.171195
v 0.916942 1.093750 0.127001
v 0.916942 1.156250 0.127001
v 0.872748 1.093750 0.082807
v 0.872748 1.156250 0.082807
v 0.939040 1.156250 0.104904
v 0.939040 1.093750 0.104904
v 0.894845 1.156250 0.060710
v 0.894845 1.093750 0.060710
v 0.850651 0.906250 0.193292
v 0.806457 0.843750 0.149098
v 0.806457 0.906250 0.149098
v 0.828554 0.906250 0.127001
v 0.828554 0.843750 0.127001
v 0.872748 0.843750 0.171195
v 0.872748 0.906250 0.171195
v 0.872748 0.906250 0.082807
v 0.916942 0.906250 0.127001
v 1.124750 1.000000 0.437500
v 1.124750 1.125000 0.437500
v 1.124750 1.000000 0.562500
v 1.124750 1.125000 0.562500
v 1.062250 1.000000 0.437500
v 1.062250 1.125000 0.437500
v 1.062250 1.000000 0.562500
v 1.062250 1.125000 0.562500
v 0.874750 0.750000 0.562500
v 0.874750 0.875000 0.562500
v 0.874750 0.750000 0.437500
v 0.874750 0.875000 0.437500
v 0.937250 0.750000 0.562500
v 0.937250 0.875000 0.562500
v 0.937250 0.750000 0.437500
v 0.937250 0.875000 0.437500
v 0.937250 0.781250 0.531250
v 0.968500 1.031250 0.468750
v 0.968500 1.031250 0.531250
v 1.031000 1.031250 0.531250
v 1.031000 1.093750 0.531250
v 1.031000 1.031250 0.468750
v 1.031000 1.093750 0.468750
v 1.062250 1.093750 0.531250
v 1.062250 1.031250 0.531250
v 1.062250 1.093750 0.468750
v 1.062250 1.031250 0.468750
v 0.937250 0.843750 0.531250
v 0.937250 0.781250 0.468750
v 0.937250 0.843750 0.468750
v 0.968500 0.843750 0.468750
v 0.968500 0.781250 0.468750
v 0.968500 0.781250 0.531250
v 0.968500 0.843750 0.531250
v 1.031000 0.843750 0.468750
v 1.031000 0.843750 0.531250
v 0.126751 1.187500 0.038613
v 0.038363 1.187500 0.127001
v 0.126751 1.062500 0.038613
v 0.038363 1.062500 0.127001
v 0.038363 1.187500 -0.049775
v 0.038363 1.062500 -0.049775
v -0.050026 1.187500 0.038613
v -0.050026 1.062500 0.038613
v 0.303528 0.812500 0.215390
v 0.303528 0.937500 0.215390
v 0.215139 0.812500 0.303778
v 0.215139 0.937500 0.303778
v 0.215139 0.812500 0.127001
v 0.215139 0.937500 0.127001
v 0.126751 0.812500 0.215390
v 0.126751 0.937500 0.215390
v 0.193042 0.843750 0.149098
v 0.126751 1.093750 0.171195
v 0.170945 1.093750 0.127001
v 0.126751 1.093750 0.082807
v 0.126751 1.156250 0.082807
v 0.082557 1.093750 0.127001
v 0.082557 1.156250 0.127001
v 0.104654 1.156250 0.060710
v 0.104654 1.093750 0.060710
v 0.060460 1.156250 0.104904
v 0.060460 1.093750 0.104904
v 0.193042 0.906250 0.149098
v 0.148848 0.843750 0.193292
v 0.148848 0.906250 0.193292
v 0.126751 0.906250 0.171195
v 0.126751 0.843750 0.171195
v 0.170945 0.843750 0.127001
v 0.170945 0.906250 0.127001
v 0.082557 0.906250 0.127001
v 0.126751 0.906250 0.082807
vt 0.468750 0.250000
vt 0.281250 0.250000
vt 0.281250 0.062500
vt 0.468750 0.062500
vt 0.468750 0.140625
vt 0.281250 0.140625
vt 0.281250 -0.000000
vt 0.468750 -0.000000
vt 0.281250 0.171875
vt 0.468750 0.171875
vt 0.468750 0.312500
vt 0.281250 0.312500
vt 0.343750 0.171875
vt 0.343750 0.312500
vt 0.218750 0.312500
vt 0.218750 0.171875
vt 0.343750 -0.000000
vt 0.343750 0.140625
vt 0.218750 0.140625
vt 0.218750 -0.000000
vt 0.343750 0.062500
vt 0.343750 0.250000
vt 0.218750 0.250000
vt 0.218750 0.062500
vt 0.406250 0.312500
vt 0.406250 0.171875
vt 0.531250 0.171875
vt 0.531250 0.312500
vt 0.406250 0.140625
vt 0.406250 -0.000000
vt 0.531250 -0.000000
vt 0.531250 0.140625
vt 0.406250 0.250000
vt 0.406250 0.062500
vt 0.531250 0.062500
vt 0.531250 0.250000
vt 0.843750 0.140625
vt 0.718750 0.140625
vt 0.718750 0.125000
vt 0.843750 0.125000
vt 0.656250 0.140625
vt 0.531250 0.140625
vt 0.531250 0.125000
vt 0.656250 0.125000
vt 0.781250 0.140625
vt 0.593750 0.140625
vt 0.593750 0.125000
vt 0.781250 0.125000
vt 0.843750 0.109375
vt 0.718750 0.109375
vt 0.718750 -0.000000
vt 0.843750 -0.000000
vt 0.656250 0.109375
vt 0.531250 0.109375
vt 0.531250 -0.000000
vt 0.656250 -0.000000
vt 0.781250 0.109375
vt 0.593750 0.109375
vt 0.593750 -0.000000
vt 0.781250 -0.000000
vt 0.656250 0.125000
vt 0.531250 0.125000
vt 0.531250 0.109375
vt 0.656250 0.109375
vt 0.843750 0.125000
vt 0.718750 0.125000
vt 0.718750 0.109375
vt 0.843750 0.109375
vt 0.781250 0.125000
vt 0.593750 0.125000
vt 0.593750 0.109375
vt 0.781250 0.109375
vt 0.531250 -0.000000
vt 0.656250 -0.000000
vt 0.718750 -0.000000
vt 0.843750 -0.000000
vt 0.593750 -0.000000
vt 0.781250 -0.000000
vt 0.000000 1.000000
vt 0.015625 1.000000
vt 0.015625 0.984375
vt 0.000000 0.984375
vt 0.015625 1.000000
vt 0.000000 1.000000
vt 0.000000 0.984375
vt 0.015625 0.984375
vt 0.000000 1.000000
vt 0.000000 0.984375
vt 0.843750 0.203125
vt 0.812500 0.203125
vt 0.812500 0.140625
vt 0.843750 0.140625
vt 0.781250 0.328125
vt 0.781250 0.296875
vt 0.906250 0.296875
vt 0.906250 0.328125
vt 0.781250 0.140625
vt 0.812500 0.140625
vt 0.812500 0.203125
vt 0.781250 0.203125
vt 0.781250 0.328125
vt 0.781250 0.296875
vt 0.906250 0.296875
vt 0.906250 0.328125
vt 0.843750 0.203125
vt 0.812500 0.203125
vt 0.812500 0.140625
vt 0.843750 0.140625
vt 0.781250 0.140625
vt 0.812500 0.140625
vt 0.812500 0.203125
vt 0.781250 0.203125
vt 0.906250 0.234375
vt 0.906250 0.265625
vt 0.781250 0.265625
vt 0.781250 0.234375
vt 0.781250 0.171875
vt 0.781250 0.140625
vt 0.843750 0.140625
vt 0.843750 0.171875
vt 0.781250 0.109375
vt 0.593750 0.109375
vt 0.593750 -0.000000
vt 0.781250 -0.000000
vt 0.781250 0.125000
vt 0.593750 0.125000
vt 0.781250 0.109375
vt 0.593750 0.109375
vt 0.593750 -0.000000
vt 0.781250 -0.000000
vt 0.781250 0.140625
vt 0.593750 0.140625
vt 0.593750 0.125000
vt 0.781250 0.125000
vt 0.281250 0.171875
vt 0.468750 0.171875
vt 0.468750 0.312500
vt 0.281250 0.312500
vt 0.468750 0.140625
vt 0.281250 0.140625
vt 0.281250 -0.000000
vt 0.468750 -0.000000
vt 0.468750 0.062500
vt 0.281250 0.250000
vt 0.281250 0.062500
vt 0.281250 0.062500
vt 0.468750 0.062500
vt 0.281250 0.250000
vt 0.406250 0.250000
vt 0.406250 0.062500
vt 0.531250 0.062500
vt 0.531250 0.250000
vt 0.343750 0.062500
vt 0.343750 0.250000
vt 0.218750 0.250000
vt 0.218750 0.062500
vt 0.281250 0.250000
vt 0.281250 0.062500
vt 0.468750 0.062500
vt 0.812500 0.140625
vt 0.843750 0.140625
vt 0.843750 0.171875
vt 0.812500 0.203125
vt 0.812500 0.203125
vt 0.781250 0.171875
vt 0.781250 0.140625
vt 0.812500 0.140625
vt 0.906250 0.234375
vt 0.906250 0.265625
vt 0.781250 0.265625
vt 0.781250 0.234375
vt 0.843750 0.203125
vt 0.843750 0.140625
vt 0.781250 0.328125
vt 0.781250 0.296875
vt 0.906250 0.296875
vt 0.906250 0.328125
vt 0.781250 0.140625
vt 0.812500 0.140625
vt 0.812500 0.203125
vt 0.781250 0.203125
vt 0.781250 0.328125
vt 0.781250 0.296875
vt 0.906250 0.296875
vt 0.906250 0.328125
vt 0.843750 0.203125
vt 0.812500 0.203125
vt 0.812500 0.140625
vt 0.843750 0.140625
vt 0.781250 0.140625
vt 0.781250 0.203125
vt 0.109375 0.125000
vt 0.109375 0.250000
vt 0.000000 0.250000
vt 0.000000 0.125000
vt 0.218750 0.125000
vt 0.218750 0.250000
vt 0.109375 0.250000
vt 0.109375 0.125000
vt 0.218750 0.125000
vt 0.218750 0.250000
vt 0.109375 0.250000
vt 0.109375 0.125000
vt 0.218750 0.125000
vt 0.218750 0.250000
vt 0.109375 0.250000
vt 0.109375 0.125000
vt 0.218750 0.125000
vt 0.218750 0.250000
vt 0.109375 0.250000
vt 0.109375 0.125000
vt 0.218750 0.125000
vt 0.218750 0.250000
vt 0.109375 0.250000
vt 0.109375 0.125000
vt 0.218750 0.125000
vt 0.218750 0.250000
vt 0.109375 0.250000
vt 0.109375 0.125000
vt 0.006445 0.265625
vt 0.000000 0.250000
vt 0.102930 0.265625
vt 0.006445 0.265625
vt 0.102930 0.265625
vt 0.218750 0.125000
vt 0.218750 0.250000
vt 0.006445 0.265625
vt 0.000000 0.250000
vt 0.102930 0.265625
vt 0.115820 0.265625
vt 0.212305 0.265625
vt 0.115820 0.265625
vt 0.212305 0.265625
vt 0.115820 0.265625
vt 0.212305 0.265625
vt 0.006445 0.265625
vt 0.000000 0.250000
vt 0.102930 0.265625
vt 0.115820 0.265625
vt 0.212305 0.265625
vt 0.109375 0.000000
vt 0.000000 0.000000
vt 0.109375 0.000000
vt 0.218750 0.000000
vt 0.218750 0.000000
vt -0.000000 0.984375
vt 0.015625 0.984375
vt 0.015625 1.000000
vt -0.000000 1.000000
vt 0.015625 0.984375
vt 0.000000 1.000000
vt 0.130153 0.500000
vt 0.123632 0.484375
vt 0.220118 0.484375
vt 0.213597 0.500000
vt 0.020778 0.500000
vt 0.014257 0.484375
vt 0.110743 0.484375
vt 0.104222 0.500000
vt 0.020778 0.500000
vt 0.014257 0.484375
vt 0.110743 0.484375
vt 0.104222 0.500000
vt 0.130153 0.500000
vt 0.123632 0.484375
vt 0.220118 0.484375
vt 0.213597 0.500000
vt 0.020778 0.500000
vt 0.014257 0.484375
vt 0.110743 0.484375
vt 0.104222 0.500000
vt 0.130153 0.500000
vt 0.123632 0.484375
vt 0.220118 0.484375
vt 0.213597 0.500000
vt 0.020778 0.500000
vt 0.014257 0.484375
vt 0.110743 0.484375
vt 0.104222 0.500000
vt 0.156051 0.359375
vt 0.130153 0.296875
vt 0.213597 0.296875
vt 0.187699 0.359375
vt 0.046676 0.421875
vt 0.020778 0.359375
vt 0.104222 0.359375
vt 0.078324 0.421875
vt 0.046676 0.562500
vt 0.078324 0.562500
vt 0.130153 0.500000
vt 0.123632 0.484375
vt 0.220118 0.484375
vt 0.213597 0.500000
vt 0.046676 0.359375
vt 0.020778 0.296875
vt 0.104222 0.296875
vt 0.078324 0.359375
vt 0.156051 0.562500
vt 0.130153 0.500000
vt 0.213597 0.500000
vt 0.187699 0.562500
vt 0.156051 0.484375
vt 0.130153 0.421875
vt 0.213597 0.421875
vt 0.187699 0.484375
vt 0.156051 0.421875
vt 0.130153 0.359375
vt 0.213597 0.359375
vt 0.187699 0.421875
vt 0.071885 0.578125
vt 0.078324 0.562500
vt 0.053115 0.578125
vt 0.181260 0.578125
vt 0.187699 0.562500
vt 0.156051 0.562500
vt 0.162490 0.578125
vt 0.071885 0.578125
vt 0.046676 0.484375
vt 0.020778 0.421875
vt 0.104222 0.421875
vt 0.078324 0.484375
vt 0.071885 0.578125
vt 0.078324 0.562500
vt 0.046676 0.562500
vt 0.053115 0.578125
vt 0.078324 0.562500
vt 0.071885 0.578125
vt 0.162490 0.578125
vt 0.156051 0.562500
vt 0.187699 0.562500
vt 0.181260 0.578125
vt 0.156051 0.562500
vt 0.162490 0.578125
vt 0.162490 0.578125
vt 0.156051 0.562500
vt 0.015625 0.968750
vt -0.000000 0.984375
vt -0.000000 0.968750
vt 0.015625 0.968750
vt -0.000000 0.968750
vt 0.015625 0.968750
vt -0.000000 0.968750
vt 0.015625 0.968750
vt -0.000000 0.968750
vt 0.015625 0.968750
vt -0.000000 0.968750
vt 0.015625 0.968750
vt -0.000000 0.968750
vt 0.015625 0.968750
vt -0.000000 0.968750
vt 0.015625 0.968750
vt -0.000000 0.968750
vt 0.906250 0.234375
vt 0.906250 0.265625
vt 0.781250 0.265625
vt 0.781250 0.234375
vt 0.781250 0.171875
vt 0.781250 0.140625
vt 0.843750 0.140625
vt 0.843750 0.171875
vt 0.843750 0.140625
vt 0.843750 0.171875
vt 0.781250 0.171875
vt 0.781250 0.140625
vt 0.906250 0.234375
vt 0.906250 0.265625
vt 0.781250 0.265625
vt 0.781250 0.234375
vt 0.984375 0.765625
vt 1.000000 0.765625
vt 1.000000 0.687500
vt 0.984375 0.687500
vt 0.984375 0.750000
vt 0.984375 0.609375
vt 0.968750 0.609375
vt 0.968750 0.750000
vt 0.984375 0.765625
vt 1.000000 0.765625
vt 1.000000 0.609375
vt 0.984375 0.609375
vt 0.984375 0.765625
vt 0.984375 0.781250
vt 1.000000 0.765625
vt 0.984375 0.765625
vt 0.984375 0.781250
vt 1.000000 0.765625
vt 0.984375 0.765625
vt 0.984375 0.781250
vt 1.000000 0.765625
vt 1.000000 0.718750
vt 0.984375 0.718750
vt 1.000000 0.687500
vt 0.984375 0.687500
vt 1.000000 0.656250
vt 0.984375 0.656250
vt 0.984375 0.750000
vt 0.968750 0.750000
vt 0.968750 0.765625
vt 0.968750 0.671875
vt 0.968750 0.750000
vt 0.984375 0.750000
vt 0.984375 0.671875
vt 0.968750 0.593750
vt 0.968750 0.750000
vt 0.984375 0.750000
vt 0.984375 0.593750
vt 0.984375 0.671875
vt 0.984375 0.781250
vt 0.968750 0.781250
vt 0.968750 0.671875
vt 0.968750 0.750000
vt 0.968750 0.671875
vt 0.984375 0.671875
vt 0.984375 0.750000
vt 0.984375 0.750000
vt 0.968750 0.750000
vt 0.968750 0.765625
vt 0.968750 0.750000
vt 0.968750 0.593750
vt 0.984375 0.593750
vt 0.984375 0.750000
vt 0.984375 0.781250
vt 0.984375 0.671875
vt 0.968750 0.671875
vt 0.968750 0.781250
vt 0.984375 0.750000
vt 0.968750 0.750000
vt 0.968750 0.765625
vt 0.984375 0.765625
vt 0.984375 0.750000
vt 0.984375 0.671875
vt 0.968750 0.671875
vt 0.968750 0.750000
vt 0.968750 0.750000
vt 0.968750 0.609375
vt 0.984375 0.609375
vt 0.984375 0.750000
vt 0.984375 0.671875
vt 0.984375 0.750000
vt 0.968750 0.750000
vt 0.968750 0.671875
vt 0.984375 0.703125
vt 0.984375 0.750000
vt 0.968750 0.750000
vt 0.968750 0.703125
vt 0.984375 0.750000
vt 0.984375 0.703125
vt 0.968750 0.703125
vt 0.968750 0.750000
vt 1.000000 0.765625
vt 1.000000 0.625000
vt 0.984375 0.625000
vt 1.000000 0.765625
vt 0.984375 0.765625
vt 0.984375 0.625000
vt 1.000000 0.625000
vt 0.984375 0.750000
vt 0.968750 0.750000
vt 0.968750 0.703125
vt 0.984375 0.703125
vt 0.984375 0.703125
vt 0.968750 0.703125
vt 0.968750 0.750000
vt 0.984375 0.750000
vt 0.984375 0.671875
vt 0.968750 0.671875
vt 0.968750 0.750000
vt 0.984375 0.750000
vt 0.968750 0.750000
vt 0.984375 0.750000
vt 0.984375 0.609375
vt 0.968750 0.609375
vt 0.984375 0.750000
vt 0.968750 0.750000
vt 0.968750 0.671875
vt 0.984375 0.671875
vt 0.984375 0.750000
vt 0.968750 0.765625
vt 0.968750 0.750000
vt 0.984375 0.781250
vt 0.968750 0.781250
vt 0.968750 0.671875
vt 0.984375 0.671875
vt 0.968750 0.750000
vt 0.984375 0.750000
vt 0.984375 0.593750
vt 0.968750 0.593750
vt 0.984375 0.750000
vt 0.984375 0.765625
vt 0.968750 0.765625
vt 0.968750 0.750000
vt 0.968750 0.750000
vt 0.984375 0.750000
vt 0.984375 0.671875
vt 0.968750 0.671875
vt 0.984375 0.671875
vt 0.968750 0.671875
vt 0.968750 0.781250
vt 0.984375 0.781250
vt 0.968750 0.593750
vt 0.984375 0.593750
vt 0.984375 0.750000
vt 0.968750 0.750000
vt 0.968750 0.671875
vt 0.984375 0.671875
vt 0.984375 0.750000
vt 0.968750 0.750000
vt 0.984375 0.750000
vt 0.984375 0.765625
vt 0.968750 0.765625
vt 0.968750 0.750000
vt 0.984375 0.765625
vt 0.984375 0.656250
vt 1.000000 0.656250
vt 1.000000 0.765625
vt 0.984375 0.765625
vt 0.984375 0.687500
vt 1.000000 0.687500
vt 1.000000 0.765625
vt 0.984375 0.765625
vt 0.984375 0.718750
vt 1.000000 0.718750
vt 1.000000 0.765625
vt 0.984375 0.781250
vt 0.984375 0.781250
vt 0.984375 0.781250
vt 0.984375 0.609375
vt 1.000000 0.609375
vt 1.000000 0.765625
vt 0.984375 0.750000
vt 0.968750 0.750000
vt 0.968750 0.609375
vt 0.984375 0.609375
vt 0.984375 0.687500
vt 1.000000 0.687500
vt 1.000000 0.765625
vt 0.671875 0.921875
vt 0.671875 0.953125
vt 0.656250 0.953125
vt 0.656250 0.921875
vt 0.656250 0.968750
vt 0.656250 1.000000
vt 0.671875 1.000000
vt 0.671875 0.968750
vt 0.656250 0.968750
vt 0.656250 1.000000
vt 0.687500 1.000000
vt 0.687500 0.968750
vt 0.671875 0.968750
vt 0.671875 1.000000
vt 0.687500 1.000000
vt 0.687500 0.968750
vt 0.656250 0.984375
vt 0.687500 0.984375
vt 0.656250 0.984375
vt 0.687500 0.984375
vt 0.687500 0.953125
vt 0.687500 0.921875
vt 0.671875 0.953125
vt 0.671875 0.921875
vt 0.656250 0.921875
vt 0.656250 0.937500
vt 0.687500 0.937500
vt 0.687500 0.921875
vt 0.656250 0.937500
vt 0.656250 0.953125
vt 0.687500 0.953125
vt 0.687500 0.937500
vt 0.890625 0.953125
vt 0.875000 0.953125
vt 0.875000 0.937500
vt 0.890625 0.937500
vt 0.843750 0.937500
vt 0.843750 0.890625
vt 0.859375 0.890625
vt 0.859375 0.937500
vt 0.843750 0.968750
vt 0.859375 0.968750
vt 0.859375 0.953125
vt 0.843750 0.953125
vt 0.859375 0.968750
vt 0.843750 0.968750
vt 0.843750 0.953125
vt 0.859375 0.953125
vt 0.890625 0.953125
vt 0.875000 0.953125
vt 0.875000 0.937500
vt 0.890625 0.937500
vt 0.890625 0.968750
vt 0.875000 0.968750
vt 0.843750 0.953125
vt 0.843750 0.937500
vt 0.843750 0.953125
vt 0.859375 0.937500
vt 0.875000 0.890625
vt 0.890625 0.890625
vt 0.875000 0.875000
vt 0.890625 0.875000
vt 0.890625 0.890625
vt 0.875000 0.890625
vt 0.843750 0.859375
vt 0.859375 0.859375
vt 0.859375 0.875000
vt 0.843750 0.875000
vt 0.859375 0.859375
vt 0.843750 0.859375
vt 0.843750 0.875000
vt 0.859375 0.875000
vt 0.875000 0.859375
vt 0.890625 0.859375
vt 0.890625 0.875000
vt 0.875000 0.875000
vt 0.859375 0.875000
vt 0.859375 0.890625
vt 0.859375 0.875000
vt 0.843750 0.890625
vt 0.671875 0.921875
vt 0.671875 0.953125
vt 0.656250 0.953125
vt 0.656250 0.921875
vt 0.656250 0.968750
vt 0.656250 1.000000
vt 0.671875 1.000000
vt 0.671875 0.968750
vt 0.656250 0.968750
vt 0.656250 1.000000
vt 0.687500 1.000000
vt 0.687500 0.968750
vt 0.671875 0.968750
vt 0.671875 1.000000
vt 0.687500 1.000000
vt 0.687500 0.968750
vt 0.656250 0.984375
vt 0.687500 0.984375
vt 0.656250 0.984375
vt 0.687500 0.984375
vt 0.687500 0.953125
vt 0.687500 0.921875
vt 0.671875 0.953125
vt 0.671875 0.921875
vt 0.656250 0.921875
vt 0.656250 0.937500
vt 0.687500 0.937500
vt 0.687500 0.921875
vt 0.656250 0.937500
vt 0.656250 0.953125
vt 0.687500 0.953125
vt 0.687500 0.937500
vt 0.890625 0.953125
vt 0.875000 0.953125
vt 0.875000 0.937500
vt 0.890625 0.937500
vt 0.843750 0.937500
vt 0.843750 0.890625
vt 0.859375 0.890625
vt 0.859375 0.937500
vt 0.843750 0.968750
vt 0.859375 0.968750
vt 0.859375 0.953125
vt 0.843750 0.953125
vt 0.859375 0.968750
vt 0.843750 0.968750
vt 0.843750 0.953125
vt 0.859375 0.953125
vt 0.890625 0.953125
vt 0.875000 0.953125
vt 0.875000 0.937500
vt 0.890625 0.937500
vt 0.890625 0.968750
vt 0.875000 0.968750
vt 0.843750 0.953125
vt 0.843750 0.937500
vt 0.843750 0.953125
vt 0.859375 0.937500
vt 0.875000 0.890625
vt 0.890625 0.890625
vt 0.875000 0.875000
vt 0.890625 0.875000
vt 0.890625 0.890625
vt 0.875000 0.890625
vt 0.843750 0.859375
vt 0.859375 0.859375
vt 0.859375 0.875000
vt 0.843750 0.875000
vt 0.859375 0.859375
vt 0.843750 0.859375
vt 0.843750 0.875000
vt 0.859375 0.875000
vt 0.875000 0.859375
vt 0.890625 0.859375
vt 0.890625 0.875000
vt 0.875000 0.875000
vt 0.859375 0.875000
vt 0.859375 0.890625
vt 0.859375 0.875000
vt 0.843750 0.890625
vt 0.671875 0.921875
vt 0.671875 0.953125
vt 0.656250 0.953125
vt 0.656250 0.921875
vt 0.656250 1.000000
vt 0.656250 0.984375
vt 0.687500 0.984375
vt 0.687500 1.000000
vt 0.656250 0.984375
vt 0.656250 0.968750
vt 0.687500 0.968750
vt 0.687500 0.984375
vt 0.671875 0.968750
vt 0.671875 1.000000
vt 0.687500 1.000000
vt 0.687500 0.968750
vt 0.656250 0.968750
vt 0.656250 1.000000
vt 0.671875 1.000000
vt 0.671875 0.968750
vt 0.687500 0.953125
vt 0.687500 0.921875
vt 0.671875 0.953125
vt 0.671875 0.921875
vt 0.656250 0.921875
vt 0.656250 0.937500
vt 0.687500 0.937500
vt 0.687500 0.921875
vt 0.656250 0.937500
vt 0.656250 0.953125
vt 0.687500 0.953125
vt 0.687500 0.937500
vt 0.890625 0.953125
vt 0.875000 0.953125
vt 0.875000 0.937500
vt 0.890625 0.937500
vt 0.843750 0.937500
vt 0.843750 0.890625
vt 0.859375 0.890625
vt 0.859375 0.937500
vt 0.843750 0.968750
vt 0.859375 0.968750
vt 0.859375 0.953125
vt 0.843750 0.953125
vt 0.859375 0.968750
vt 0.843750 0.968750
vt 0.843750 0.953125
vt 0.859375 0.953125
vt 0.890625 0.953125
vt 0.875000 0.953125
vt 0.875000 0.937500
vt 0.890625 0.937500
vt 0.890625 0.968750
vt 0.875000 0.968750
vt 0.843750 0.953125
vt 0.843750 0.937500
vt 0.843750 0.953125
vt 0.859375 0.937500
vt 0.875000 0.890625
vt 0.890625 0.890625
vt 0.875000 0.875000
vt 0.890625 0.875000
vt 0.890625 0.890625
vt 0.875000 0.890625
vt 0.843750 0.859375
vt 0.859375 0.859375
vt 0.859375 0.875000
vt 0.843750 0.875000
vt 0.859375 0.859375
vt 0.843750 0.859375
vt 0.843750 0.875000
vt 0.859375 0.875000
vt 0.875000 0.859375
vt 0.890625 0.859375
vt 0.890625 0.875000
vt 0.875000 0.875000
vt 0.859375 0.875000
vt 0.859375 0.890625
vt 0.859375 0.875000
vt 0.843750 0.890625
vt 0.671875 0.921875
vt 0.671875 0.953125
vt 0.656250 0.953125
vt 0.656250 0.921875
vt 0.656250 0.968750
vt 0.656250 1.000000
vt 0.671875 1.000000
vt 0.671875 0.968750
vt 0.656250 0.968750
vt 0.656250 1.000000
vt 0.687500 1.000000
vt 0.687500 0.968750
vt 0.671875 0.968750
vt 0.671875 1.000000
vt 0.687500 1.000000
vt 0.687500 0.968750
vt 0.656250 0.984375
vt 0.687500 0.984375
vt 0.656250 0.984375
vt 0.687500 0.984375
vt 0.687500 0.953125
vt 0.687500 0.921875
vt 0.671875 0.953125
vt 0.671875 0.921875
vt 0.656250 0.921875
vt 0.656250 0.937500
vt 0.687500 0.937500
vt 0.687500 0.921875
vt 0.656250 0.937500
vt 0.656250 0.953125
vt 0.687500 0.953125
vt 0.687500 0.937500
vt 0.890625 0.953125
vt 0.875000 0.953125
vt 0.875000 0.937500
vt 0.890625 0.937500
vt 0.843750 0.937500
vt 0.843750 0.890625
vt 0.859375 0.890625
vt 0.859375 0.937500
vt 0.843750 0.968750
vt 0.859375 0.968750
vt 0.859375 0.953125
vt 0.843750 0.953125
vt 0.859375 0.968750
vt 0.843750 0.968750
vt 0.843750 0.953125
vt 0.859375 0.953125
vt 0.890625 0.953125
vt 0.875000 0.953125
vt 0.875000 0.937500
vt 0.890625 0.937500
vt 0.890625 0.968750
vt 0.875000 0.968750
vt 0.843750 0.953125
vt 0.843750 0.937500
vt 0.843750 0.953125
vt 0.859375 0.937500
vt 0.875000 0.890625
vt 0.890625 0.890625
vt 0.875000 0.875000
vt 0.890625 0.875000
vt 0.890625 0.890625
vt 0.875000 0.890625
vt 0.843750 0.859375
vt 0.859375 0.859375
vt 0.859375 0.875000
vt 0.843750 0.875000
vt 0.859375 0.859375
vt 0.843750 0.859375
vt 0.843750 0.875000
vt 0.859375 0.875000
vt 0.875000 0.859375
vt 0.890625 0.859375
vt 0.890625 0.875000
vt 0.875000 0.875000
vt 0.859375 0.875000
vt 0.859375 0.890625
vt 0.859375 0.875000
vt 0.843750 0.890625
vt 0.671875 0.968750
vt 0.671875 1.000000
vt 0.687500 1.000000
vt 0.687500 0.968750
vt 0.656250 0.968750
vt 0.656250 1.000000
vt 0.687500 1.000000
vt 0.687500 0.968750
vt 0.656250 0.984375
vt 0.687500 0.984375
vt 0.671875 0.921875
vt 0.671875 0.953125
vt 0.656250 0.953125
vt 0.656250 0.921875
vt 0.656250 0.984375
vt 0.687500 0.984375
vt 0.656250 0.968750
vt 0.656250 1.000000
vt 0.671875 1.000000
vt 0.671875 0.968750
vt 0.687500 0.953125
vt 0.687500 0.921875
vt 0.671875 0.953125
vt 0.671875 0.921875
vt 0.656250 0.921875
vt 0.656250 0.937500
vt 0.687500 0.937500
vt 0.687500 0.921875
vt 0.656250 0.937500
vt 0.656250 0.953125
vt 0.687500 0.953125
vt 0.687500 0.937500
vt 0.890625 0.953125
vt 0.875000 0.953125
vt 0.875000 0.937500
vt 0.890625 0.937500
vt 0.843750 0.937500
vt 0.843750 0.890625
vt 0.859375 0.890625
vt 0.859375 0.937500
vt 0.843750 0.968750
vt 0.859375 0.968750
vt 0.859375 0.953125
vt 0.843750 0.953125
vt 0.859375 0.968750
vt 0.843750 0.968750
vt 0.843750 0.953125
vt 0.859375 0.953125
vt 0.890625 0.953125
vt 0.875000 0.953125
vt 0.875000 0.937500
vt 0.890625 0.937500
vt 0.890625 0.968750
vt 0.875000 0.968750
vt 0.843750 0.953125
vt 0.843750 0.937500
vt 0.843750 0.953125
vt 0.859375 0.937500
vt 0.875000 0.890625
vt 0.890625 0.890625
vt 0.875000 0.875000
vt 0.890625 0.875000
vt 0.890625 0.890625
vt 0.875000 0.890625
vt 0.843750 0.859375
vt 0.859375 0.859375
vt 0.859375 0.875000
vt 0.843750 0.875000
vt 0.859375 0.859375
vt 0.843750 0.859375
vt 0.843750 0.875000
vt 0.859375 0.875000
vt 0.875000 0.859375
vt 0.890625 0.859375
vt 0.890625 0.875000
vt 0.875000 0.875000
vt 0.859375 0.875000
vt 0.859375 0.890625
vt 0.859375 0.875000
vt 0.843750 0.890625
vt 0.125000 0.125000
vt 0.125000 0.375000
vt 0.000000 0.375000
vt 0.000000 0.125000
vt 0.125000 0.375000
vt 0.125000 0.500000
vt -0.000000 0.375000
vt 0.750000 0.250000
vt 0.750000 0.000000
vt 0.812500 0.000000
vt 0.812500 0.250000
vt 0.375000 0.125000
vt 0.125000 0.000000
vt 0.375000 0.000000
vt 0.375000 0.375000
vt 0.375000 0.500000
vt 0.125000 0.500000
vt 0.625000 0.125000
vt 0.625000 0.375000
vt 0.500000 0.375000
vt 0.500000 0.125000
vt 0.125000 0.125000
vt -0.000000 0.125000
vt 0.500000 -0.000000
vt 0.625000 -0.000000
vt 0.375000 0.375000
vt 0.375000 0.125000
vt 0.750000 0.000000
vt 0.750000 0.250000
vt 0.625000 0.250000
vt 0.625000 0.000000
vt 0.625000 0.500000
vt 0.500000 0.500000
vt 0.375000 0.500000
vt 0.500000 0.406250
vt 0.468750 0.406250
vt 0.468750 0.437500
vt 0.500000 0.437500
vt 0.625000 0.125000
vt 0.625000 0.375000
vt 0.500000 0.375000
vt 0.500000 0.125000
vt 0.468750 0.437500
vt 0.468750 0.406250
vt 0.625000 0.500000
vt 0.500000 0.500000
vt 0.500000 0.000000
vt 0.625000 -0.000000
vt 0.500000 0.406250
vt 0.500000 0.437500
vt 0.375000 0.000000
vt -0.000000 0.000000
vt 0.125000 0.000000
vt 0.000000 0.000000
vt 0.156250 0.156250
vt 0.343750 0.156250
vt 0.343750 0.343750
vt 0.156250 0.343750
vt 0.750000 0.250000
vt 0.750000 0.000000
vt 0.812500 0.000000
vt 0.812500 0.250000
vt 0.812500 0.000000
vt 0.812500 0.250000
vt 0.750000 0.250000
vt 0.750000 0.000000
vt 0.812500 0.000000
vt 0.812500 0.250000
vt 0.750000 0.250000
vt 0.750000 0.000000
vt 0.375000 0.375000
vt 0.125000 0.375000
vt 0.125000 0.125000
vt 0.375000 0.125000
vt 0.125000 0.375000
vt 0.250000 0.500000
vt 0.375000 0.375000
vt 0.125000 0.125000
vt 0.125000 0.375000
vt 0.000000 0.375000
vt 0.000000 0.125000
vt 0.125000 0.375000
vt 0.125000 0.500000
vt -0.000000 0.375000
vt 0.750000 0.250000
vt 0.750000 0.000000
vt 0.812500 0.000000
vt 0.812500 0.250000
vt 0.375000 0.125000
vt 0.125000 0.000000
vt 0.375000 0.000000
vt 0.375000 0.375000
vt 0.375000 0.500000
vt 0.125000 0.500000
vt 0.625000 0.125000
vt 0.625000 0.375000
vt 0.500000 0.375000
vt 0.500000 0.125000
vt 0.125000 0.125000
vt -0.000000 0.125000
vt 0.500000 -0.000000
vt 0.625000 -0.000000
vt 0.375000 0.375000
vt 0.375000 0.125000
vt 0.750000 0.000000
vt 0.750000 0.250000
vt 0.625000 0.250000
vt 0.625000 0.000000
vt 0.625000 0.500000
vt 0.500000 0.500000
vt 0.375000 0.500000
vt 0.500000 0.406250
vt 0.468750 0.406250
vt 0.468750 0.437500
vt 0.500000 0.437500
vt 0.625000 0.125000
vt 0.625000 0.375000
vt 0.500000 0.375000
vt 0.500000 0.125000
vt 0.468750 0.437500
vt 0.468750 0.406250
vt 0.625000 0.500000
vt 0.500000 0.500000
vt 0.500000 0.000000
vt 0.625000 -0.000000
vt 0.500000 0.406250
vt 0.500000 0.437500
vt 0.375000 0.000000
vt -0.000000 0.000000
vt 0.125000 0.000000
vt 0.000000 0.000000
vt 0.156250 0.156250
vt 0.343750 0.156250
vt 0.343750 0.343750
vt 0.156250 0.343750
vt 0.750000 0.250000
vt 0.750000 0.000000
vt 0.812500 0.000000
vt 0.812500 0.250000
vt 0.812500 0.000000
vt 0.812500 0.250000
vt 0.750000 0.250000
vt 0.750000 0.000000
vt 0.812500 0.000000
vt 0.812500 0.250000
vt 0.750000 0.250000
vt 0.750000 0.000000
vt 0.375000 0.375000
vt 0.125000 0.375000
vt 0.125000 0.125000
vt 0.375000 0.125000
vt 0.125000 0.375000
vt 0.250000 0.500000
vt 0.375000 0.375000
vt 0.125000 0.125000
vt 0.125000 0.375000
vt 0.000000 0.375000
vt 0.000000 0.125000
vt 0.125000 0.375000
vt 0.125000 0.500000
vt -0.000000 0.375000
vt 0.750000 0.250000
vt 0.750000 0.000000
vt 0.812500 0.000000
vt 0.812500 0.250000
vt 0.375000 0.125000
vt 0.125000 0.000000
vt 0.375000 0.000000
vt 0.375000 0.375000
vt 0.375000 0.500000
vt 0.125000 0.500000
vt 0.625000 0.125000
vt 0.625000 0.375000
vt 0.500000 0.375000
vt 0.500000 0.125000
vt 0.125000 0.125000
vt -0.000000 0.125000
vt 0.500000 -0.000000
vt 0.625000 -0.000000
vt 0.375000 0.375000
vt 0.375000 0.125000
vt 0.625000 0.250000
vt 0.625000 0.000000
vt 0.750000 0.000000
vt 0.750000 0.250000
vt 0.625000 0.500000
vt 0.500000 0.500000
vt 0.375000 0.500000
vt 0.500000 0.406250
vt 0.468750 0.406250
vt 0.468750 0.437500
vt 0.500000 0.437500
vt 0.625000 0.125000
vt 0.625000 0.375000
vt 0.500000 0.375000
vt 0.500000 0.125000
vt 0.468750 0.437500
vt 0.468750 0.406250
vt 0.625000 0.500000
vt 0.500000 0.500000
vt 0.500000 0.000000
vt 0.625000 -0.000000
vt 0.500000 0.406250
vt 0.500000 0.437500
vt 0.375000 0.000000
vt -0.000000 0.000000
vt 0.125000 0.000000
vt 0.000000 0.000000
vt 0.156250 0.156250
vt 0.343750 0.156250
vt 0.343750 0.343750
vt 0.156250 0.343750
vt 0.750000 0.250000
vt 0.750000 0.000000
vt 0.812500 0.000000
vt 0.812500 0.250000
vt 0.812500 0.000000
vt 0.812500 0.250000
vt 0.750000 0.250000
vt 0.750000 0.000000
vt 0.812500 0.000000
vt 0.812500 0.250000
vt 0.750000 0.250000
vt 0.750000 0.000000
vt 0.375000 0.375000
vt 0.125000 0.375000
vt 0.125000 0.125000
vt 0.375000 0.125000
vt 0.125000 0.375000
vt 0.250000 0.500000
vt 0.375000 0.375000
vt 0.125000 0.125000
vt 0.125000 0.375000
vt 0.000000 0.375000
vt 0.000000 0.125000
vt 0.125000 0.375000
vt 0.125000 0.500000
vt -0.000000 0.375000
vt 0.750000 0.250000
vt 0.750000 0.000000
vt 0.812500 0.000000
vt 0.812500 0.250000
vt 0.375000 0.125000
vt 0.125000 0.000000
vt 0.375000 0.000000
vt 0.375000 0.375000
vt 0.375000 0.500000
vt 0.125000 0.500000
vt 0.625000 0.125000
vt 0.625000 0.375000
vt 0.500000 0.375000
vt 0.500000 0.125000
vt 0.125000 0.125000
vt -0.000000 0.125000
vt 0.500000 -0.000000
vt 0.625000 -0.000000
vt 0.375000 0.375000
vt 0.375000 0.125000
vt 0.625000 0.250000
vt 0.625000 0.000000
vt 0.750000 0.000000
vt 0.750000 0.250000
vt 0.625000 0.500000
vt 0.500000 0.500000
vt 0.375000 0.500000
vt 0.500000 0.406250
vt 0.468750 0.406250
vt 0.468750 0.437500
vt 0.500000 0.437500
vt 0.625000 0.125000
vt 0.625000 0.375000
vt 0.500000 0.375000
vt 0.500000 0.125000
vt 0.468750 0.437500
vt 0.468750 0.406250
vt 0.625000 0.500000
vt 0.500000 0.500000
vt 0.500000 0.000000
vt 0.625000 -0.000000
vt 0.500000 0.406250
vt 0.500000 0.437500
vt 0.375000 0.000000
vt -0.000000 0.000000
vt 0.125000 0.000000
vt 0.000000 0.000000
vt 0.156250 0.156250
vt 0.343750 0.156250
vt 0.343750 0.343750
vt 0.156250 0.343750
vt 0.750000 0.250000
vt 0.750000 0.000000
vt 0.812500 0.000000
vt 0.812500 0.250000
vt 0.812500 0.000000
vt 0.812500 0.250000
vt 0.750000 0.250000
vt 0.750000 0.000000
vt 0.812500 0.000000
vt 0.812500 0.250000
vt 0.750000 0.250000
vt 0.750000 0.000000
vt 0.375000 0.375000
vt 0.125000 0.375000
vt 0.125000 0.125000
vt 0.375000 0.125000
vt 0.125000 0.375000
vt 0.250000 0.500000
vt 0.375000 0.375000
vt 0.812500 0.531250
vt 0.906250 0.500000
vt 0.906250 0.531250
vt 0.906250 0.375000
vt 0.906250 0.343750
vt 0.812500 0.343750
vt 0.437500 0.468750
vt 0.468750 0.468750
vt 0.468750 0.437500
vt 0.437500 0.437500
vt 0.906250 0.531250
vt 0.812500 0.531250
vt 0.906250 0.500000
vt 0.906250 0.531250
vt 0.906250 0.375000
vt 0.906250 0.343750
vt 0.812500 0.343750
vt 0.437500 0.468750
vt 0.468750 0.468750
vt 0.468750 0.437500
vt 0.437500 0.437500
vt 0.906250 0.531250
vt 0.812500 0.531250
vt 0.906250 0.500000
vt 0.906250 0.531250
vt 0.906250 0.375000
vt 0.906250 0.343750
vt 0.812500 0.343750
vt 0.437500 0.468750
vt 0.468750 0.468750
vt 0.468750 0.437500
vt 0.437500 0.437500
vt 0.906250 0.531250
vt 0.812500 0.531250
vt 0.906250 0.500000
vt 0.906250 0.531250
vt 0.906250 0.375000
vt 0.906250 0.343750
vt 0.812500 0.343750
vt 0.437500 0.468750
vt 0.468750 0.468750
vt 0.468750 0.437500
vt 0.437500 0.437500
vt 0.906250 0.531250
vt 0.812500 0.531250
vt 0.906250 0.500000
vt 0.906250 0.531250
vt 0.906250 0.375000
vt 0.906250 0.343750
vt 0.812500 0.343750
vt 0.437500 0.468750
vt 0.468750 0.468750
vt 0.468750 0.437500
vt 0.437500 0.437500
vt 0.906250 0.531250
vt 0.437500 0.000000
vt 0.437500 0.156250
vt -0.000000 0.156250
vt -0.000000 0.000000
vt 0.625000 0.156250
vt 0.250000 0.156250
vt 0.250000 -0.000000
vt 0.625000 -0.000000
vt 0.718750 0.000000
vt 0.718750 0.156250
vt 0.406250 0.156250
vt 0.406250 0.000000
vt -0.000000 0.156250
vt 0.000000 0.000000
vt 0.437500 0.187500
vt -0.000000 0.187500
vt 0.968750 0.000000
vt 0.968750 0.156250
vt 0.843750 0.156250
vt 0.843750 0.000000
vt 0.906250 0.000000
vt 0.906250 0.156250
vt 0.718750 0.156250
vt 0.718750 0.000000
vt 0.250000 0.187500
vt -0.000000 0.187500
vt 0.718750 0.000000
vt 0.718750 0.156250
vt 0.625000 0.156250
vt 0.625000 0.000000
vt 0.625000 0.156250
vt 0.625000 0.000000
vt 0.718750 0.187500
vt 0.406250 0.187500
vt 0.906250 0.187500
vt 0.718750 0.187500
vt 0.062500 0.187500
vt 0.156250 0.281250
vt 0.125000 0.281250
vt 0.062500 0.218750
vt 0.156250 0.281250
vt 0.062500 0.375000
vt 0.062500 0.343750
vt 0.125000 0.281250
vt 0.375000 0.187500
vt 0.000000 0.562500
vt 0.000000 0.531250
vt 0.343750 0.187500
vt 0.968750 0.187500
vt 0.843750 0.187500
vt 0.093750 0.406250
vt 0.062500 0.406250
vt 0.218750 0.250000
vt 0.218750 0.281250
vt 0.062500 0.437500
vt -0.000000 0.500000
vt -0.000000 0.187500
vt 0.062500 0.250000
vt 0.031250 1.000000
vt 0.343750 1.000000
vt 0.343750 0.687500
vt 0.031250 0.562500
vt 0.375000 0.218750
vt 0.500000 0.531250
vt 0.625000 0.531250
vt 0.625000 0.218750
vt 0.437500 0.000000
vt -0.000000 0.000000
vt -0.000000 0.156250
vt 0.437500 0.156250
vt 0.625000 0.156250
vt 0.625000 -0.000000
vt 0.250000 -0.000000
vt 0.250000 0.156250
vt 0.718750 0.000000
vt 0.406250 0.000000
vt 0.406250 0.156250
vt 0.718750 0.156250
vt -0.000000 0.187500
vt 0.437500 0.187500
vt 0.843750 0.000000
vt 0.843750 0.156250
vt 0.906250 0.000000
vt 0.718750 0.000000
vt 0.718750 0.156250
vt 0.906250 0.156250
vt 0.250000 0.187500
vt 0.718750 0.000000
vt 0.625000 0.000000
vt 0.625000 0.156250
vt 0.718750 0.156250
vt 0.625000 0.156250
vt 0.625000 0.000000
vt 0.406250 0.187500
vt 0.718750 0.187500
vt 0.718750 0.187500
vt 0.906250 0.187500
vt 0.062500 0.187500
vt 0.062500 0.218750
vt 0.125000 0.281250
vt 0.156250 0.281250
vt 0.156250 0.281250
vt 0.125000 0.281250
vt 0.062500 0.343750
vt 0.062500 0.375000
vt 0.375000 0.187500
vt 0.343750 0.187500
vt 0.000000 0.531250
vt 0.000000 0.562500
vt 0.843750 0.187500
vt 0.093750 0.406250
vt 0.218750 0.281250
vt 0.218750 0.250000
vt 0.062500 0.406250
vt 0.062500 0.437500
vt 0.062500 0.250000
vt -0.000000 0.187500
vt -0.000000 0.500000
vt 0.031250 1.000000
vt 0.031250 0.562500
vt 0.343750 0.687500
vt 0.343750 1.000000
vt 0.375000 0.218750
vt 0.500000 0.531250
vt 0.625000 0.562500
vt 0.812500 0.562500
vt 0.812500 0.593750
vt 0.625000 0.593750
vt 0.625000 1.000000
vt 0.437500 1.000000
vt 0.437500 0.937500
vt 0.625000 0.937500
vt 0.812500 0.375000
vt 0.625000 0.375000
vt 0.812500 0.375000
vt 0.812500 0.562500
vt 0.625000 0.562500
vt 0.625000 0.375000
vt 0.156250 0.281250
vt 0.156250 0.250000
vt 0.218750 0.187500
vt 0.250000 0.187500
vt 0.437500 1.000000
vt 0.375000 1.000000
vt 0.437500 0.937500
vt 0.625000 0.562500
vt 0.812500 0.562500
vt 0.812500 0.593750
vt 0.625000 0.593750
vt 0.625000 1.000000
vt 0.437500 1.000000
vt 0.437500 0.937500
vt 0.625000 0.937500
vt 0.812500 0.375000
vt 0.812500 0.562500
vt 0.625000 0.562500
vt 0.625000 0.375000
vt 0.156250 0.281250
vt 0.156250 0.250000
vt 0.218750 0.187500
vt 0.250000 0.187500
vt 0.375000 1.000000
vt 0.812500 0.593750
vt 0.625000 0.593750
vt 0.156250 0.281250
vt 0.156250 0.250000
vt 0.218750 0.187500
vt 0.250000 0.187500
vt 0.375000 1.000000
vt 0.812500 0.593750
vt 0.625000 0.593750
vt 0.625000 1.000000
vt 0.437500 1.000000
vt 0.437500 0.937500
vt 0.625000 0.937500
vt 0.156250 0.281250
vt 0.156250 0.250000
vt 0.218750 0.187500
vt 0.250000 0.187500
vt 0.375000 1.000000
vt 0.812500 0.375000
vt 0.625000 0.375000
vt 0.625000 1.000000
vt 0.625000 0.937500
vt 0.343750 0.687500
vt 0.343750 0.875000
vt 0.375000 0.875000
vt 0.375000 0.687500
vt 0.375000 0.687500
vt 0.343750 0.687500
vt 0.343750 0.875000
vt 0.375000 0.875000
vt 0.375000 0.687500
vt 0.375000 0.875000
vt 0.343750 0.875000
vt 0.343750 0.687500
vt 0.343750 0.875000
vt 0.343750 0.687500
vt 0.375000 0.687500
vt 0.375000 0.875000
vt 0.406250 0.906250
vt 0.406250 0.718750
vt 0.468750 0.718750
vt 0.468750 0.906250
vt 0.656250 0.812500
vt 0.656250 0.875000
vt 0.468750 0.875000
vt 0.468750 0.812500
vt 0.656250 0.906250
vt 0.468750 0.906250
vt 0.593750 0.875000
vt 0.500000 0.875000
vt 0.500000 0.812500
vt 0.593750 0.812500
vt 0.562500 0.562500
vt 0.593750 0.562500
vt 0.656250 0.625000
vt 0.656250 0.656250
vt 0.468750 0.718750
vt 0.468750 0.656250
vt 0.406250 0.718750
vt 0.468750 0.781250
vt 0.656250 0.781250
vt 0.406250 0.687500
vt 0.406250 0.656250
vt 0.468750 0.593750
vt 0.500000 0.593750
vt 0.656250 0.750000
vt 0.468750 0.750000
vt 0.468750 0.718750
vt 0.656250 0.718750
vt 0.500000 0.656250
vt 0.500000 0.687500
vt 0.468750 0.656250
vt 0.500000 0.625000
vt 0.562500 0.562500
vt 0.531250 0.562500
vt 0.500000 0.593750
vt 0.906250 0.468750
vt 0.906250 0.281250
vt 1.000000 0.375000
vt 0.625000 0.687500
vt 0.500000 0.687500
vt 0.500000 0.656250
vt 0.625000 0.656250
vt 0.906250 0.281250
vt 0.625000 0.687500
vt 0.500000 0.687500
vt 0.468750 0.718750
vt 0.656250 0.718750
vt 0.906250 0.468750
vt 0.531250 0.625000
vt 0.593750 0.625000
vt 0.531250 0.625000
vt 0.593750 0.625000
vt 0.562500 0.593750
vt 1.000000 0.156250
vt 1.000000 0.343750
vt 0.906250 0.250000
vt 1.000000 0.156250
vt 1.000000 0.343750
vt 1.000000 0.156250
vt 1.000000 0.343750
vt 1.000000 0.156250
vt 1.000000 0.343750
vt 0.406250 0.906250
vt 0.406250 0.718750
vt 0.468750 0.718750
vt 0.468750 0.906250
vt 0.656250 0.812500
vt 0.656250 0.875000
vt 0.468750 0.875000
vt 0.468750 0.812500
vt 0.656250 0.906250
vt 0.468750 0.906250
vt 0.593750 0.875000
vt 0.500000 0.875000
vt 0.500000 0.812500
vt 0.593750 0.812500
vt 0.562500 0.562500
vt 0.593750 0.562500
vt 0.656250 0.625000
vt 0.656250 0.656250
vt 0.468750 0.718750
vt 0.468750 0.656250
vt 0.406250 0.718750
vt 0.468750 0.781250
vt 0.656250 0.781250
vt 0.406250 0.687500
vt 0.406250 0.656250
vt 0.468750 0.593750
vt 0.500000 0.593750
vt 0.656250 0.750000
vt 0.468750 0.750000
vt 0.468750 0.718750
vt 0.656250 0.718750
vt 0.500000 0.656250
vt 0.500000 0.687500
vt 0.468750 0.656250
vt 0.500000 0.625000
vt 0.562500 0.562500
vt 0.531250 0.562500
vt 0.500000 0.593750
vt 0.625000 0.687500
vt 0.500000 0.687500
vt 0.500000 0.656250
vt 0.625000 0.656250
vt 0.625000 0.687500
vt 0.500000 0.687500
vt 0.468750 0.718750
vt 0.656250 0.718750
vt 0.531250 0.625000
vt 0.593750 0.625000
vt 0.531250 0.625000
vt 0.593750 0.625000
vt 0.406250 0.906250
vt 0.406250 0.718750
vt 0.468750 0.718750
vt 0.468750 0.906250
vt 0.656250 0.812500
vt 0.656250 0.875000
vt 0.468750 0.875000
vt 0.468750 0.812500
vt 0.656250 0.906250
vt 0.468750 0.906250
vt 0.593750 0.875000
vt 0.500000 0.875000
vt 0.500000 0.812500
vt 0.593750 0.812500
vt 0.562500 0.562500
vt 0.593750 0.562500
vt 0.656250 0.625000
vt 0.656250 0.656250
vt 0.468750 0.718750
vt 0.468750 0.656250
vt 0.406250 0.718750
vt 0.468750 0.781250
vt 0.656250 0.781250
vt 0.406250 0.687500
vt 0.406250 0.656250
vt 0.468750 0.593750
vt 0.500000 0.593750
vt 0.656250 0.750000
vt 0.468750 0.750000
vt 0.500000 0.656250
vt 0.500000 0.687500
vt 0.468750 0.656250
vt 0.500000 0.625000
vt 0.562500 0.562500
vt 0.531250 0.562500
vt 0.500000 0.593750
vt 0.500000 0.656250
vt 0.625000 0.656250
vt 0.406250 0.906250
vt 0.406250 0.718750
vt 0.468750 0.718750
vt 0.468750 0.906250
vt 0.656250 0.812500
vt 0.656250 0.875000
vt 0.468750 0.875000
vt 0.468750 0.812500
vt 0.656250 0.906250
vt 0.468750 0.906250
vt 0.593750 0.875000
vt 0.500000 0.875000
vt 0.500000 0.812500
vt 0.593750 0.812500
vt 0.562500 0.562500
vt 0.593750 0.562500
vt 0.656250 0.625000
vt 0.656250 0.656250
vt 0.468750 0.718750
vt 0.468750 0.656250
vt 0.406250 0.718750
vt 0.468750 0.781250
vt 0.656250 0.781250
vt 0.406250 0.687500
vt 0.406250 0.656250
vt 0.468750 0.593750
vt 0.500000 0.593750
vt 0.656250 0.750000
vt 0.468750 0.750000
vt 0.500000 0.656250
vt 0.500000 0.687500
vt 0.468750 0.656250
vt 0.500000 0.625000
vt 0.562500 0.562500
vt 0.531250 0.562500
vt 0.500000 0.593750
vt 0.500000 0.656250
vt 0.625000 0.656250
vt 0.375000 0.687500
vt 0.406250 0.687500
vt 0.406250 0.875000
vt 0.375000 0.875000
vt 0.406250 0.687500
vt 0.406250 0.875000
vt 0.375000 0.875000
vt 0.375000 0.687500
vt 0.406250 0.687500
vt 0.375000 0.687500
vt 0.375000 0.875000
vt 0.406250 0.875000
vt 0.375000 0.875000
vt 0.406250 0.875000
vt 0.406250 0.687500
vt 0.375000 0.687500
vt 0.656250 0.906250
vt 0.718750 0.906250
vt 0.718750 0.937500
vt 0.656250 0.937500
vt 0.718750 1.000000
vt 0.656250 1.000000
vt 0.656250 0.937500
vt 0.718750 0.937500
vt 0.718750 0.593750
vt 0.656250 0.593750
vt 0.812500 0.906250
vt 0.718750 0.906250
vt 0.718750 0.593750
vt 0.812500 0.593750
vt 0.718750 0.593750
vt 0.718750 0.906250
vt 0.656250 0.906250
vt 0.656250 0.593750
vt 0.218750 0.281250
vt 0.218750 0.250000
vt 0.281250 0.187500
vt 0.312500 0.187500
vt 0.718750 1.000000
vt 0.718750 0.937500
vt 0.781250 1.000000
vt 0.656250 0.906250
vt 0.718750 0.906250
vt 0.718750 0.937500
vt 0.656250 0.937500
vt 0.718750 1.000000
vt 0.656250 1.000000
vt 0.812500 0.906250
vt 0.812500 0.593750
vt 0.656250 0.906250
vt 0.656250 0.593750
vt 0.218750 0.281250
vt 0.218750 0.250000
vt 0.281250 0.187500
vt 0.312500 0.187500
vt 0.718750 1.000000
vt 0.781250 1.000000
vt 0.812500 0.906250
vt 0.718750 0.593750
vt 0.812500 0.593750
vt 0.750000 0.906250
vt 0.812500 0.906250
vt 0.812500 0.968750
vt 0.750000 0.968750
vt 0.218750 0.281250
vt 0.218750 0.250000
vt 0.281250 0.187500
vt 0.312500 0.187500
vt 0.781250 1.000000
vt 0.656250 0.937500
vt 0.656250 1.000000
vt 0.812500 0.906250
vt 0.812500 0.593750
vt 0.218750 0.281250
vt 0.218750 0.250000
vt 0.281250 0.187500
vt 0.312500 0.187500
vt 0.781250 1.000000
vt 0.656250 0.593750
vt 0.656250 1.000000
vt 0.968750 0.437500
vt 0.968750 0.812500
vt 0.937500 0.812500
vt 0.937500 0.437500
vt 0.937500 0.437500
vt 0.968750 0.437500
vt 0.968750 0.812500
vt 0.937500 0.812500
vt 0.937500 0.437500
vt 0.937500 0.812500
vt 0.968750 0.812500
vt 0.968750 0.437500
vt 0.968750 0.812500
vt 0.968750 0.437500
vt 0.937500 0.437500
vt 0.937500 0.812500
vt 0.937500 0.625000
vt 0.937500 0.687500
vt 0.906250 0.687500
vt 0.906250 0.625000
vt 0.343750 0.875000
vt 0.343750 0.937500
vt 0.406250 0.937500
vt 0.406250 0.875000
vt 0.937500 0.625000
vt 0.937500 0.687500
vt 0.906250 0.687500
vt 0.906250 0.625000
vt 0.343750 0.937500
vt 0.343750 1.000000
vt 0.406250 0.937500
vt 0.937500 0.625000
vt 0.937500 0.687500
vt 0.906250 0.687500
vt 0.906250 0.625000
vt 0.343750 0.875000
vt 0.343750 0.937500
vt 0.406250 0.937500
vt 0.406250 0.875000
vt 0.937500 0.625000
vt 0.937500 0.687500
vt 0.906250 0.687500
vt 0.906250 0.625000
vt 0.343750 1.000000
vt 0.937500 0.562500
vt 0.906250 0.562500
vt 0.937500 0.812500
vt 0.937500 0.875000
vt 1.000000 0.875000
vt 1.000000 0.812500
vt 0.937500 0.562500
vt 0.906250 0.562500
vt 0.343750 1.000000
vt 0.937500 0.562500
vt 0.906250 0.562500
vt 0.343750 0.875000
vt 0.343750 0.937500
vt 0.406250 0.937500
vt 0.406250 0.875000
vt 0.937500 0.562500
vt 0.906250 0.562500
vt 0.343750 1.000000
vt 0.343750 0.875000
vt 0.406250 0.875000
vt 0.875000 0.625000
vt 0.875000 0.562500
vt 0.875000 0.625000
vt 0.875000 0.562500
vt 0.875000 0.625000
vt 0.875000 0.562500
vt 0.875000 0.625000
vt 0.875000 0.562500
vt 0.937500 0.718750
vt 0.906250 0.718750
vt 0.875000 0.687500
vt 0.875000 0.656250
vt 0.937500 0.718750
vt 0.906250 0.718750
vt 0.875000 0.687500
vt 0.875000 0.656250
vt 0.937500 0.718750
vt 0.906250 0.718750
vt 0.875000 0.687500
vt 0.875000 0.656250
vt 0.875000 0.656250
vt 0.937500 0.718750
vt 0.906250 0.718750
vt 0.875000 0.687500
vt 0.875000 0.656250
vt 0.843750 0.656250
vt 0.843750 0.625000
vt 0.875000 0.656250
vt 0.843750 0.656250
vt 0.843750 0.625000
vt 0.843750 0.625000
vt 0.843750 0.562500
vt 0.843750 0.562500
vt 0.843750 0.562500
vt 0.875000 0.656250
vt 0.843750 0.656250
vt 0.843750 0.625000
vt 0.875000 0.656250
vt 0.843750 0.656250
vt 0.843750 0.562500
vt 0.812500 0.625000
vt 0.812500 0.625000
vt 0.812500 0.562500
vt 0.812500 0.625000
vt 0.812500 0.562500
vt 0.812500 0.625000
vt 0.812500 0.562500
vt 0.812500 0.562500
vt 0.828125 0.703125
vt 0.859375 0.703125
vt 0.875000 0.718750
vt 0.812500 0.718750
vt 0.859375 0.671875
vt 0.875000 0.656250
vt 0.828125 0.671875
vt 0.812500 0.656250
vt 0.906250 0.656250
vt 0.875000 0.625000
vt 0.906250 0.625000
vt 0.906250 0.656250
vt 0.875000 0.625000
vt 1.000000 0.437500
vt 0.968750 0.437500
vt 0.968750 0.812500
vt 1.000000 0.812500
vt 0.968750 0.437500
vt 0.968750 0.812500
vt 1.000000 0.812500
vt 1.000000 0.437500
vt 0.968750 0.437500
vt 1.000000 0.437500
vt 1.000000 0.812500
vt 0.968750 0.812500
vt 1.000000 0.812500
vt 0.968750 0.812500
vt 0.968750 0.437500
vt 1.000000 0.437500
vt 0.656250 0.906250
vt 0.718750 0.906250
vt 0.718750 0.937500
vt 0.656250 0.937500
vt 0.718750 1.000000
vt 0.656250 1.000000
vt 0.656250 0.937500
vt 0.718750 0.937500
vt 0.656250 0.687470
vt 0.718750 0.687470
vt 0.218750 0.281250
vt 0.218750 0.250000
vt 0.281250 0.187500
vt 0.312500 0.187500
vt 0.718750 1.000000
vt 0.718750 0.937500
vt 0.781250 1.000000
vt 0.656250 0.906250
vt 0.718750 0.906250
vt 0.718750 0.937500
vt 0.656250 0.937500
vt 0.718750 1.000000
vt 0.656250 1.000000
vt 0.218750 0.281250
vt 0.218750 0.250000
vt 0.281250 0.187500
vt 0.312500 0.187500
vt 0.718750 1.000000
vt 0.781250 1.000000
vt 0.718750 0.906250
vt 0.656250 0.906250
vt 0.750000 0.906250
vt 0.812500 0.906250
vt 0.812500 0.968750
vt 0.750000 0.968750
vt 0.218750 0.281250
vt 0.218750 0.250000
vt 0.281250 0.187500
vt 0.312500 0.187500
vt 0.781250 1.000000
vt 0.656250 0.906250
vt 0.718750 0.906250
vt 0.656250 0.937500
vt 0.656250 1.000000
vt 0.218750 0.281250
vt 0.218750 0.250000
vt 0.281250 0.187500
vt 0.312500 0.187500
vt 0.781250 1.000000
vt 0.656250 1.000000
vt 0.968750 0.437500
vt 0.968750 0.812500
vt 0.937500 0.812500
vt 0.937500 0.437500
vt 0.937500 0.437500
vt 0.968750 0.437500
vt 0.968750 0.812500
vt 0.937500 0.812500
vt 0.937500 0.437500
vt 0.937500 0.812500
vt 0.968750 0.812500
vt 0.968750 0.437500
vt 0.968750 0.812500
vt 0.968750 0.437500
vt 0.937500 0.437500
vt 0.937500 0.812500
vt 0.937500 0.625000
vt 0.937500 0.687500
vt 0.906250 0.687500
vt 0.906250 0.625000
vt 0.343750 0.875000
vt 0.343750 0.937500
vt 0.406250 0.937500
vt 0.406250 0.875000
vt 0.937500 0.625000
vt 0.937500 0.687500
vt 0.906250 0.687500
vt 0.906250 0.625000
vt 0.343750 0.937500
vt 0.343750 1.000000
vt 0.406250 0.937500
vt 0.937500 0.625000
vt 0.937500 0.687500
vt 0.906250 0.687500
vt 0.906250 0.625000
vt 0.343750 0.875000
vt 0.343750 0.937500
vt 0.406250 0.937500
vt 0.406250 0.875000
vt 0.937500 0.625000
vt 0.937500 0.687500
vt 0.906250 0.687500
vt 0.906250 0.625000
vt 0.343750 1.000000
vt 0.937500 0.562500
vt 0.906250 0.562500
vt 0.937500 0.812500
vt 0.937500 0.875000
vt 1.000000 0.875000
vt 1.000000 0.812500
vt 0.937500 0.562500
vt 0.906250 0.562500
vt 0.343750 1.000000
vt 0.937500 0.562500
vt 0.906250 0.562500
vt 0.343750 0.875000
vt 0.343750 0.937500
vt 0.406250 0.937500
vt 0.406250 0.875000
vt 0.937500 0.562500
vt 0.906250 0.562500
vt 0.343750 1.000000
vt 0.343750 0.875000
vt 0.406250 0.875000
vt 0.875000 0.625000
vt 0.875000 0.562500
vt 0.875000 0.625000
vt 0.875000 0.562500
vt 0.875000 0.625000
vt 0.875000 0.562500
vt 0.875000 0.625000
vt 0.875000 0.562500
vt 0.937500 0.718750
vt 0.906250 0.718750
vt 0.875000 0.687500
vt 0.875000 0.656250
vt 0.937500 0.718750
vt 0.906250 0.718750
vt 0.875000 0.687500
vt 0.875000 0.656250
vt 0.937500 0.718750
vt 0.906250 0.718750
vt 0.875000 0.687500
vt 0.875000 0.656250
vt 0.875000 0.656250
vt 0.937500 0.718750
vt 0.906250 0.718750
vt 0.875000 0.687500
vt 0.875000 0.656250
vt 0.843750 0.656250
vt 0.843750 0.625000
vt 0.875000 0.656250
vt 0.843750 0.656250
vt 0.843750 0.625000
vt 0.843750 0.625000
vt 0.843750 0.562500
vt 0.843750 0.562500
vt 0.843750 0.562500
vt 0.875000 0.656250
vt 0.843750 0.656250
vt 0.843750 0.625000
vt 0.875000 0.656250
vt 0.843750 0.656250
vt 0.843750 0.562500
vt 0.812500 0.625000
vt 0.812500 0.625000
vt 0.812500 0.562500
vt 0.812500 0.625000
vt 0.812500 0.562500
vt 0.812500 0.625000
vt 0.812500 0.562500
vt 0.812500 0.562500
vt 0.828125 0.671875
vt 0.828125 0.703125
vt 0.812500 0.718750
vt 0.812500 0.656250
vt 0.859375 0.703125
vt 0.875000 0.718750
vt 0.859375 0.671875
vt 0.875000 0.656250
vt 0.906250 0.656250
vt 0.875000 0.625000
vt 0.906250 0.625000
vt 0.906250 0.656250
vt 0.875000 0.625000
vt 1.000000 0.437500
vt 0.968750 0.437500
vt 0.968750 0.812500
vt 1.000000 0.812500
vt 0.968750 0.437500
vt 0.968750 0.812500
vt 1.000000 0.812500
vt 1.000000 0.437500
vt 0.968750 0.437500
vt 1.000000 0.437500
vt 1.000000 0.812500
vt 0.968750 0.812500
vt 1.000000 0.812500
vt 0.968750 0.812500
vt 0.968750 0.437500
vt 1.000000 0.437500
vt 0.656250 0.906250
vt 0.718750 0.906250
vt 0.718750 0.937500
vt 0.656250 0.937500
vt 0.718750 1.000000
vt 0.656250 1.000000
vt 0.656250 0.937500
vt 0.718750 0.937500
vt 0.718750 0.750000
vt 0.656250 0.750000
vt 0.718750 0.750000
vt 0.718750 0.906250
vt 0.656250 0.906250
vt 0.656250 0.750000
vt 0.218750 0.281250
vt 0.218750 0.250000
vt 0.281250 0.187500
vt 0.312500 0.187500
vt 0.718750 1.000000
vt 0.718750 0.937500
vt 0.781250 1.000000
vt 0.656250 0.906250
vt 0.718750 0.906250
vt 0.718750 0.937500
vt 0.656250 0.937500
vt 0.718750 1.000000
vt 0.656250 1.000000
vt 0.718750 0.750000
vt 0.718750 0.906250
vt 0.656250 0.906250
vt 0.656250 0.750000
vt 0.218750 0.281250
vt 0.218750 0.250000
vt 0.281250 0.187500
vt 0.312500 0.187500
vt 0.718750 1.000000
vt 0.781250 1.000000
vt 0.750000 0.906250
vt 0.812500 0.906250
vt 0.812500 0.968750
vt 0.750000 0.968750
vt 0.218750 0.281250
vt 0.218750 0.250000
vt 0.281250 0.187500
vt 0.312500 0.187500
vt 0.781250 1.000000
vt 0.656250 0.937500
vt 0.656250 1.000000
vt 0.218750 0.281250
vt 0.218750 0.250000
vt 0.281250 0.187500
vt 0.312500 0.187500
vt 0.781250 1.000000
vt 0.718750 0.750000
vt 0.656250 0.750000
vt 0.656250 1.000000
vt 0.968750 0.437500
vt 0.968750 0.812500
vt 0.937500 0.812500
vt 0.937500 0.437500
vt 0.937500 0.437500
vt 0.968750 0.437500
vt 0.968750 0.812500
vt 0.937500 0.812500
vt 0.937500 0.437500
vt 0.937500 0.812500
vt 0.968750 0.812500
vt 0.968750 0.437500
vt 0.968750 0.812500
vt 0.968750 0.437500
vt 0.937500 0.437500
vt 0.937500 0.812500
vt 0.937500 0.625000
vt 0.937500 0.687500
vt 0.906250 0.687500
vt 0.906250 0.625000
vt 0.343750 0.875000
vt 0.343750 0.937500
vt 0.406250 0.937500
vt 0.406250 0.875000
vt 0.937500 0.625000
vt 0.937500 0.687500
vt 0.906250 0.687500
vt 0.906250 0.625000
vt 0.343750 0.937500
vt 0.343750 1.000000
vt 0.406250 0.937500
vt 0.937500 0.625000
vt 0.937500 0.687500
vt 0.906250 0.687500
vt 0.906250 0.625000
vt 0.343750 0.875000
vt 0.343750 0.937500
vt 0.406250 0.937500
vt 0.406250 0.875000
vt 0.937500 0.625000
vt 0.937500 0.687500
vt 0.906250 0.687500
vt 0.906250 0.625000
vt 0.343750 1.000000
vt 0.937500 0.562500
vt 0.906250 0.562500
vt 0.937500 0.812500
vt 0.937500 0.875000
vt 1.000000 0.875000
vt 1.000000 0.812500
vt 0.937500 0.562500
vt 0.906250 0.562500
vt 0.343750 1.000000
vt 0.937500 0.562500
vt 0.906250 0.562500
vt 0.343750 0.875000
vt 0.343750 0.937500
vt 0.406250 0.937500
vt 0.406250 0.875000
vt 0.937500 0.562500
vt 0.906250 0.562500
vt 0.343750 1.000000
vt 0.343750 0.875000
vt 0.406250 0.875000
vt 0.875000 0.625000
vt 0.875000 0.562500
vt 0.875000 0.625000
vt 0.875000 0.562500
vt 0.875000 0.625000
vt 0.875000 0.562500
vt 0.875000 0.625000
vt 0.875000 0.562500
vt 0.937500 0.718750
vt 0.906250 0.718750
vt 0.875000 0.687500
vt 0.875000 0.656250
vt 0.937500 0.718750
vt 0.906250 0.718750
vt 0.875000 0.687500
vt 0.875000 0.656250
vt 0.937500 0.718750
vt 0.906250 0.718750
vt 0.875000 0.687500
vt 0.875000 0.656250
vt 0.875000 0.656250
vt 0.937500 0.718750
vt 0.906250 0.718750
vt 0.875000 0.687500
vt 0.875000 0.656250
vt 0.843750 0.656250
vt 0.843750 0.625000
vt 0.875000 0.656250
vt 0.843750 0.656250
vt 0.843750 0.625000
vt 0.843750 0.625000
vt 0.843750 0.562500
vt 0.843750 0.562500
vt 0.843750 0.562500
vt 0.875000 0.656250
vt 0.843750 0.656250
vt 0.843750 0.625000
vt 0.875000 0.656250
vt 0.843750 0.656250
vt 0.843750 0.562500
vt 0.812500 0.625000
vt 0.812500 0.625000
vt 0.812500 0.562500
vt 0.812500 0.625000
vt 0.812500 0.562500
vt 0.812500 0.625000
vt 0.812500 0.562500
vt 0.812500 0.562500
vt 0.828125 0.671875
vt 0.828125 0.703125
vt 0.812500 0.718750
vt 0.812500 0.656250
vt 0.859375 0.703125
vt 0.875000 0.718750
vt 0.859375 0.671875
vt 0.875000 0.656250
vt 0.906250 0.656250
vt 0.875000 0.625000
vt 0.906250 0.625000
vt 0.906250 0.656250
vt 0.875000 0.625000
vt 1.000000 0.437500
vt 0.968750 0.437500
vt 0.968750 0.812500
vt 1.000000 0.812500
vt 0.968750 0.437500
vt 0.968750 0.812500
vt 1.000000 0.812500
vt 1.000000 0.437500
vt 0.968750 0.437500
vt 1.000000 0.437500
vt 1.000000 0.812500
vt 0.968750 0.812500
vt 1.000000 0.812500
vt 0.968750 0.812500
vt 0.968750 0.437500
vt 1.000000 0.437500
vt 0.656250 0.906250
vt 0.718750 0.906250
vt 0.718750 0.937500
vt 0.656250 0.937500
vt 0.718750 1.000000
vt 0.656250 1.000000
vt 0.656250 0.937500
vt 0.718750 0.937500
vt 0.718750 0.750000
vt 0.656250 0.750000
vt 0.718750 0.750000
vt 0.718750 0.906250
vt 0.656250 0.906250
vt 0.656250 0.750000
vt 0.218750 0.281250
vt 0.218750 0.250000
vt 0.281250 0.187500
vt 0.312500 0.187500
vt 0.718750 1.000000
vt 0.718750 0.937500
vt 0.781250 1.000000
vt 0.656250 0.906250
vt 0.718750 0.906250
vt 0.718750 0.937500
vt 0.656250 0.937500
vt 0.718750 1.000000
vt 0.656250 1.000000
vt 0.718750 0.750000
vt 0.718750 0.906250
vt 0.656250 0.906250
vt 0.656250 0.750000
vt 0.218750 0.281250
vt 0.218750 0.250000
vt 0.281250 0.187500
vt 0.312500 0.187500
vt 0.718750 1.000000
vt 0.781250 1.000000
vt 0.750000 0.906250
vt 0.812500 0.906250
vt 0.812500 0.968750
vt 0.750000 0.968750
vt 0.218750 0.281250
vt 0.218750 0.250000
vt 0.281250 0.187500
vt 0.312500 0.187500
vt 0.781250 1.000000
vt 0.656250 0.937500
vt 0.656250 1.000000
vt 0.218750 0.281250
vt 0.218750 0.250000
vt 0.281250 0.187500
vt 0.312500 0.187500
vt 0.781250 1.000000
vt 0.718750 0.750000
vt 0.656250 0.750000
vt 0.656250 1.000000
vt 0.968750 0.437500
vt 0.968750 0.812500
vt 0.937500 0.812500
vt 0.937500 0.437500
vt 0.937500 0.437500
vt 0.968750 0.437500
vt 0.968750 0.812500
vt 0.937500 0.812500
vt 0.937500 0.437500
vt 0.937500 0.812500
vt 0.968750 0.812500
vt 0.968750 0.437500
vt 0.968750 0.812500
vt 0.968750 0.437500
vt 0.937500 0.437500
vt 0.937500 0.812500
vt 0.937500 0.625000
vt 0.937500 0.687500
vt 0.906250 0.687500
vt 0.906250 0.625000
vt 0.343750 0.875000
vt 0.343750 0.937500
vt 0.406250 0.937500
vt 0.406250 0.875000
vt 0.937500 0.625000
vt 0.937500 0.687500
vt 0.906250 0.687500
vt 0.906250 0.625000
vt 0.343750 0.937500
vt 0.343750 1.000000
vt 0.406250 0.937500
vt 0.937500 0.625000
vt 0.937500 0.687500
vt 0.906250 0.687500
vt 0.906250 0.625000
vt 0.343750 0.875000
vt 0.343750 0.937500
vt 0.406250 0.937500
vt 0.406250 0.875000
vt 0.937500 0.625000
vt 0.937500 0.687500
vt 0.906250 0.687500
vt 0.906250 0.625000
vt 0.343750 1.000000
vt 0.937500 0.562500
vt 0.906250 0.562500
vt 0.937500 0.812500
vt 0.937500 0.875000
vt 1.000000 0.875000
vt 1.000000 0.812500
vt 0.937500 0.562500
vt 0.906250 0.562500
vt 0.343750 1.000000
vt 0.937500 0.562500
vt 0.906250 0.562500
vt 0.343750 0.875000
vt 0.343750 0.937500
vt 0.406250 0.937500
vt 0.406250 0.875000
vt 0.937500 0.562500
vt 0.906250 0.562500
vt 0.343750 1.000000
vt 0.343750 0.875000
vt 0.406250 0.875000
vt 0.875000 0.625000
vt 0.875000 0.562500
vt 0.875000 0.625000
vt 0.875000 0.562500
vt 0.875000 0.625000
vt 0.875000 0.562500
vt 0.875000 0.625000
vt 0.875000 0.562500
vt 0.937500 0.718750
vt 0.906250 0.718750
vt 0.875000 0.687500
vt 0.875000 0.656250
vt 0.937500 0.718750
vt 0.906250 0.718750
vt 0.875000 0.687500
vt 0.875000 0.656250
vt 0.937500 0.718750
vt 0.906250 0.718750
vt 0.875000 0.687500
vt 0.875000 0.656250
vt 0.875000 0.656250
vt 0.937500 0.718750
vt 0.906250 0.718750
vt 0.875000 0.687500
vt 0.875000 0.656250
vt 0.843750 0.656250
vt 0.843750 0.625000
vt 0.875000 0.656250
vt 0.843750 0.656250
vt 0.843750 0.625000
vt 0.843750 0.625000
vt 0.843750 0.562500
vt 0.843750 0.562500
vt 0.843750 0.562500
vt 0.875000 0.656250
vt 0.843750 0.656250
vt 0.843750 0.625000
vt 0.875000 0.656250
vt 0.843750 0.656250
vt 0.843750 0.562500
vt 0.812500 0.625000
vt 0.812500 0.625000
vt 0.812500 0.562500
vt 0.812500 0.625000
vt 0.812500 0.562500
vt 0.812500 0.625000
vt 0.812500 0.562500
vt 0.812500 0.562500
vt 0.859375 0.703125
vt 0.859375 0.671875
vt 0.875000 0.656250
vt 0.875000 0.718750
vt 0.828125 0.671875
vt 0.812500 0.656250
vt 0.828125 0.703125
vt 0.812500 0.718750
vt 0.906250 0.656250
vt 0.875000 0.625000
vt 0.906250 0.625000
vt 0.906250 0.656250
vt 0.875000 0.625000
vt 1.000000 0.437500
vt 0.968750 0.437500
vt 0.968750 0.812500
vt 1.000000 0.812500
vt 0.968750 0.437500
vt 0.968750 0.812500
vt 1.000000 0.812500
vt 1.000000 0.437500
vt 0.968750 0.437500
vt 1.000000 0.437500
vt 1.000000 0.812500
vt 0.968750 0.812500
vt 1.000000 0.812500
vt 0.968750 0.812500
vt 0.968750 0.437500
vt 1.000000 0.437500
vt 1.000000 0.812500
vt 0.968750 0.812500
vt 0.968750 0.437500
vt 1.000000 0.437500
vt 0.968750 0.437500
vt 1.000000 0.437500
vt 1.000000 0.812500
vt 0.968750 0.812500
vt 0.968750 0.437500
vt 0.968750 0.812500
vt 1.000000 0.812500
vt 1.000000 0.437500
vt 1.000000 0.437500
vt 0.968750 0.437500
vt 0.968750 0.812500
vt 1.000000 0.812500
vt 0.875000 0.625000
vt 0.906250 0.656250
vt 0.906250 0.625000
vt 0.906250 0.656250
vt 0.875000 0.625000
vt 0.859375 0.671875
vt 0.828125 0.671875
vt 0.812500 0.656250
vt 0.875000 0.656250
vt 0.828125 0.703125
vt 0.812500 0.718750
vt 0.859375 0.703125
vt 0.875000 0.718750
vt 0.843750 0.562500
vt 0.843750 0.625000
vt 0.812500 0.625000
vt 0.812500 0.562500
vt 0.843750 0.625000
vt 0.812500 0.625000
vt 0.812500 0.562500
vt 0.843750 0.562500
vt 0.843750 0.656250
vt 0.843750 0.656250
vt 0.812500 0.625000
vt 0.843750 0.625000
vt 0.843750 0.625000
vt 0.843750 0.656250
vt 0.812500 0.625000
vt 0.843750 0.562500
vt 0.812500 0.562500
vt 0.812500 0.562500
vt 0.843750 0.562500
vt 0.843750 0.656250
vt 0.875000 0.562500
vt 0.875000 0.625000
vt 0.875000 0.625000
vt 0.875000 0.656250
vt 0.875000 0.656250
vt 0.875000 0.562500
vt 0.875000 0.625000
vt 0.875000 0.562500
vt 0.875000 0.625000
vt 0.875000 0.562500
vt 0.875000 0.656250
vt 0.875000 0.656250
vt 0.875000 0.656250
vt 0.937500 0.718750
vt 0.906250 0.718750
vt 0.875000 0.687500
vt 0.937500 0.718750
vt 0.906250 0.718750
vt 0.875000 0.687500
vt 0.875000 0.656250
vt 0.937500 0.718750
vt 0.906250 0.718750
vt 0.875000 0.687500
vt 0.875000 0.656250
vt 0.937500 0.718750
vt 0.906250 0.718750
vt 0.875000 0.687500
vt 0.875000 0.656250
vt 0.906250 0.562500
vt 0.906250 0.625000
vt 0.906250 0.562500
vt 0.906250 0.625000
vt 0.906250 0.562500
vt 0.906250 0.625000
vt 0.906250 0.562500
vt 0.906250 0.625000
vt 0.343750 0.875000
vt 0.343750 0.937500
vt 0.406250 0.937500
vt 0.406250 0.875000
vt 0.343750 0.937500
vt 0.343750 1.000000
vt 0.406250 0.937500
vt 0.937500 0.562500
vt 0.937500 0.625000
vt 0.343750 0.875000
vt 0.406250 0.875000
vt 0.937500 0.562500
vt 0.937500 0.625000
vt 0.343750 0.937500
vt 0.343750 1.000000
vt 0.406250 0.937500
vt 0.937500 0.562500
vt 0.937500 0.625000
vt 0.937500 0.812500
vt 0.937500 0.875000
vt 1.000000 0.875000
vt 1.000000 0.812500
vt 0.937500 0.562500
vt 0.937500 0.625000
vt 0.343750 0.937500
vt 0.343750 1.000000
vt 0.406250 0.937500
vt 0.937500 0.687500
vt 0.906250 0.687500
vt 0.343750 0.875000
vt 0.406250 0.875000
vt 0.937500 0.687500
vt 0.906250 0.687500
vt 0.343750 1.000000
vt 0.937500 0.687500
vt 0.906250 0.687500
vt 0.343750 0.875000
vt 0.406250 0.875000
vt 0.937500 0.687500
vt 0.906250 0.687500
vt 0.968750 0.812500
vt 0.968750 0.437500
vt 0.937500 0.437500
vt 0.937500 0.812500
vt 0.937500 0.437500
vt 0.937500 0.812500
vt 0.968750 0.812500
vt 0.968750 0.437500
vt 0.937500 0.437500
vt 0.968750 0.437500
vt 0.968750 0.812500
vt 0.937500 0.812500
vt 0.968750 0.437500
vt 0.968750 0.812500
vt 0.937500 0.812500
vt 0.937500 0.437500
vt 0.718750 1.000000
vt 0.656250 1.000000
vt 0.656250 0.937500
vt 0.718750 0.937500
vt 0.718750 0.906250
vt 0.656250 0.906250
vt 0.656250 0.687500
vt 0.718750 0.687500
vt 0.718750 1.000000
vt 0.718750 0.937500
vt 0.781250 1.000000
vt 0.218750 0.281250
vt 0.218750 0.250000
vt 0.281250 0.187500
vt 0.312500 0.187500
vt 0.718750 1.000000
vt 0.656250 1.000000
vt 0.656250 0.937500
vt 0.718750 0.937500
vt 0.656250 0.906250
vt 0.718750 0.906250
vt 0.718750 1.000000
vt 0.718750 0.937500
vt 0.781250 1.000000
vt 0.218750 0.281250
vt 0.218750 0.250000
vt 0.281250 0.187500
vt 0.312500 0.187500
vt 0.750000 0.906250
vt 0.812500 0.906250
vt 0.812500 0.968750
vt 0.750000 0.968750
vt 0.718750 0.906250
vt 0.656250 0.937500
vt 0.656250 0.906250
vt 0.781250 1.000000
vt 0.218750 0.281250
vt 0.218750 0.250000
vt 0.281250 0.187500
vt 0.312500 0.187500
vt 0.656250 1.000000
vt 0.656250 0.937500
vt 0.781250 1.000000
vt 0.218750 0.281250
vt 0.218750 0.250000
vt 0.281250 0.187500
vt 0.312500 0.187500
vt 0.656250 1.000000
vt 0.656250 0.906250
vt 0.718750 0.906250
vt 0.718750 0.593750
vt 0.718750 0.625000
vt 0.656250 0.625000
vt 0.656250 0.593750
vt 0.656250 0.687500
vt 0.718750 0.687500
vt 0.718750 0.593750
vt 0.718750 0.625000
vt 0.656250 0.625000
vt 0.656250 0.593750
vt 0.656250 0.687500
vt 0.718750 0.687500
vt 0.718750 0.593750
vt 0.718750 0.625000
vt 0.656250 0.625000
vt 0.656250 0.593750
vt 0.656250 0.687500
vt 0.718750 0.687500
vt 0.718750 0.593750
vt 0.718750 0.625000
vt 0.656250 0.625000
vt 0.656250 0.593750
vt 0.812500 0.687500
vt 0.812500 0.906250
vt 0.812500 0.687500
vt 0.812500 0.906250
vt 0.812500 0.625000
vt 0.812500 0.593750
vt 0.812500 0.687500
vt 0.812500 0.906250
vt 0.812500 0.625000
vt 0.812500 0.593750
vt 0.812500 0.687500
vt 0.812500 0.906250
vt 0.812500 0.625000
vt 0.812500 0.593750
vt 0.812500 0.625000
vt 0.812500 0.593750
vt 0.718750 0.593750
vt 0.718750 0.625000
vt 0.656250 0.625000
vt 0.656250 0.593750
vt 0.812500 0.906250
vt 0.812500 0.750000
vt 0.812500 0.906250
vt 0.812500 0.750000
vt 0.718750 0.593750
vt 0.718750 0.625000
vt 0.656250 0.625000
vt 0.656250 0.593750
vt 0.812500 0.906250
vt 0.812500 0.750000
vt 0.718750 0.593750
vt 0.718750 0.625000
vt 0.656250 0.625000
vt 0.656250 0.593750
vt 0.812500 0.906250
vt 0.812500 0.750000
vt 0.718750 0.593750
vt 0.718750 0.625000
vt 0.656250 0.625000
vt 0.656250 0.593750
vt 0.718750 0.593750
vt 0.718750 0.625000
vt 0.656250 0.625000
vt 0.656250 0.593750
vt 0.812500 0.906250
vt 0.812500 0.750000
vt 0.812500 0.906250
vt 0.812500 0.750000
vt 0.718750 0.593750
vt 0.718750 0.625000
vt 0.656250 0.625000
vt 0.656250 0.593750
vt 0.812500 0.906250
vt 0.812500 0.750000
vt 0.718750 0.593750
vt 0.718750 0.625000
vt 0.656250 0.625000
vt 0.656250 0.593750
vt 0.812500 0.906250
vt 0.812500 0.750000
vt 0.718750 0.593750
vt 0.718750 0.625000
vt 0.656250 0.625000
vt 0.656250 0.593750
vt 0.718750 0.593750
vt 0.718750 0.625000
vt 0.656250 0.625000
vt 0.656250 0.593750
vt 0.656250 0.687470
vt 0.718750 0.687470
vt 0.718750 0.593750
vt 0.718750 0.625000
vt 0.656250 0.625000
vt 0.656250 0.593750
vt 0.656250 0.687470
vt 0.718750 0.687470
vt 0.718750 0.593750
vt 0.718750 0.625000
vt 0.656250 0.625000
vt 0.656250 0.593750
vt 0.656250 0.687470
vt 0.718750 0.687470
vt 0.718750 0.593750
vt 0.718750 0.625000
vt 0.656250 0.625000
vt 0.656250 0.593750
vt 0.812500 0.906250
vt 0.812500 0.687470
vt 0.812500 0.906250
vt 0.812500 0.687470
vt 0.812500 0.625000
vt 0.812500 0.593750
vt 0.812500 0.906250
vt 0.812500 0.687470
vt 0.812500 0.625000
vt 0.812500 0.593750
vt 0.812500 0.906250
vt 0.812500 0.687470
vt 0.812500 0.625000
vt 0.812500 0.593750
vt 0.812500 0.625000
vt 0.812500 0.593750
vt 0.812500 0.625000
vt 0.812500 0.593750
vt 0.812500 0.625000
vt 0.812500 0.593750
vt 0.812500 0.625000
vt 0.812500 0.593750
vt 0.812500 0.625000
vt 0.812500 0.593750
vt 0.906250 0.375000
vt 0.812500 0.281250
vt 0.906250 0.281250
vt 0.906250 0.375000
vt 0.812500 0.281250
vt 0.906250 0.281250
vt 0.906250 0.375000
vt 0.812500 0.281250
vt 0.906250 0.281250
vt 0.906250 0.375000
vt 0.812500 0.281250
vt 0.906250 0.281250
vt 0.812500 0.625000
vt 0.812500 0.593750
vt 0.812500 0.250000
vt 0.625000 0.281250
vt 0.625000 0.250000
vt 0.812500 0.250000
vt 0.625000 0.281250
vt 0.625000 0.250000
vt 0.812500 0.250000
vt 0.625000 0.281250
vt 0.625000 0.250000
vt 0.812500 0.625000
vt 0.812500 0.593750
vt 0.812500 0.250000
vt 0.625000 0.281250
vt 0.625000 0.250000
vt 0.906250 0.562500
vt 0.812500 0.625000
vt 0.812500 0.593750
vt 0.906250 0.562500
vt 0.812500 0.625000
vt 0.812500 0.593750
vt 0.906250 0.562500
vt 0.906250 0.562500
vt 0.906250 0.250000
vt 0.906250 0.250000
vt 0.906250 0.250000
vt 0.906250 0.250000
vn 0.0000 1.0000 0.0000
vn 0.0000 0.7071 0.7071
vn 0.0000 0.0000 1.0000
vn 0.0000 0.7071 -0.7071
vn 0.0000 0.0000 -1.0000
vn 0.0000 -1.0000 0.0000
vn -1.0000 0.0000 0.0000
vn -0.7071 0.7071 0.0000
vn 1.0000 0.0000 0.0000
vn 0.7071 0.7071 0.0000
vn -0.7071 0.0000 0.7071
vn 0.7071 0.0000 -0.7071
vn -0.7071 0.0000 -0.7071
vn 0.7071 0.0000 0.7071
vn 0.5000 0.7071 0.5000
vn -0.5000 0.7071 0.5000
vn 0.5000 0.7071 -0.5000
vn -0.5000 0.7071 -0.5000
vn -0.7071 -0.7071 0.0000
vn 0.0000 -0.7071 -0.7071
vn 0.5000 -0.7071 -0.5000
vn 0.7071 -0.7071 0.0000
vn -0.5000 -0.7071 -0.5000
vn 0.0000 -0.9701 0.2425
vn 0.0000 0.3417 0.9398
vn -0.0000 -0.9701 -0.2425
vn -0.0000 0.3417 -0.9398
vn -0.5774 0.5774 0.5774
vn 0.5774 0.5774 0.5774
vn -0.5774 0.5774 -0.5774
vn 0.5773 0.5774 -0.5774
vn 0.5774 0.5774 -0.5774
vn 0.0000 -0.7071 0.7071
vn 0.5773 -0.5774 0.5774
vn 0.5774 0.5774 0.5773
vn -0.5773 0.5773 -0.5774
vn -0.3162 -0.9487 0.0000
vn 0.0000 -0.9487 0.3162
vn 0.3162 -0.9487 0.0000
vn -0.0000 -0.9487 -0.3162
vn 0.0000 0.9487 0.3162
vn 0.3162 0.9487 0.0000
vn 0.0000 0.9487 -0.3162
vn -0.3162 0.9487 0.0000
vn -0.5773 -0.5774 -0.5774
vn -0.5774 0.5774 -0.5773
vn 0.5774 0.5773 0.5773
vn 0.5774 -0.5774 -0.5773
vn -0.5773 -0.5774 0.5774
vn -0.5773 0.5773 0.5774
vn -0.5774 0.5774 0.5773
vn -0.5774 0.5773 0.5774
vn 0.5773 0.5774 0.5773
vn 0.0000 0.4472 0.8944
vn 0.8944 0.4472 0.0000
vn 0.0000 0.4472 -0.8944
vn -0.8944 0.4472 0.0000
vn 0.5774 0.5774 -0.5773
vn -0.5773 0.5774 -0.5773
vn 0.5774 0.5773 0.5774
vn -0.5774 0.5773 0.5773
vn -0.5774 0.5773 -0.5774
vn 0.5774 0.5773 -0.5773
vn 0.5773 0.5773 -0.5774
usemtl GRAND_DISTILLERY
s off
f 240/1/1 237/2/1 152/3/1 229/4/1
f 229/5/1 152/6/1 154/7/1 230/8/1
f 228/9/1 149/10/1 155/11/1 231/12/1
f 150/13/1 156/14/1 160/15/1 157/16/1
f 154/17/1 152/18/1 158/19/1 159/20/1
f 237/21/1 150/22/1 157/23/1 238/24/1
f 155/25/1 149/26/1 161/27/1 164/28/1
f 151/29/1 153/30/1 163/31/1 162/32/1
f 236/33/1 151/34/1 162/35/1 239/36/1
f 163/37/2 153/38/2 165/39/2 168/40/2
f 154/41/2 159/42/2 167/43/2 166/44/2
f 230/45/2 154/46/2 166/47/2 232/48/2
f 168/49/3 165/50/3 169/51/3 172/52/3
f 166/53/3 167/54/3 171/55/3 170/56/3
f 232/57/3 166/58/3 170/59/3 233/60/3
f 155/61/4 164/62/4 176/63/4 173/64/4
f 160/65/4 156/66/4 174/67/4 175/68/4
f 231/69/4 155/70/4 173/71/4 234/72/4
f 173/64/5 176/63/5 180/73/5 177/74/5
f 175/68/5 174/67/5 178/75/5 179/76/5
f 234/72/5 173/71/5 177/77/5 235/78/5
f 172/79/6 169/80/6 177/81/6 180/82/6
f 170/83/6 171/84/6 179/85/6 178/86/6
f 233/87/6 170/83/6 178/86/6 235/88/6
f 194/89/3 318/90/3 316/91/3 196/92/3
f 195/93/1 193/94/1 318/95/1 194/96/1
f 183/97/5 182/98/5 187/99/5 185/100/5
f 185/101/1 187/102/1 188/103/1 186/104/1
f 186/105/3 188/106/3 181/107/3 184/108/3
f 197/109/5 317/110/5 193/111/5 195/112/5
f 190/113/7 189/114/7 191/115/7 192/116/7
f 188/106/3 189/117/3 190/118/3 181/107/3
f 182/98/5 192/119/5 191/120/5 187/99/5
f 187/102/8 191/115/8 189/114/8 188/103/8
f 174/121/5 234/122/5 235/123/5 178/124/5
f 156/125/4 231/126/4 234/122/4 174/121/4
f 165/127/3 232/128/3 233/129/3 169/130/3
f 153/131/2 230/132/2 232/133/2 165/134/2
f 150/135/1 228/136/1 231/137/1 156/138/1
f 151/139/1 229/140/1 230/141/1 153/142/1
f 236/143/1 240/1/1 229/144/1 151/145/1
f 149/146/1 228/147/1 240/1/1 236/148/1
f 149/149/1 236/150/1 239/151/1 161/152/1
f 152/153/1 237/154/1 238/155/1 158/156/1
f 228/157/1 150/158/1 237/159/1 240/1/1
f 259/160/3 249/161/3 250/162/3 254/163/3
f 253/164/5 252/165/5 251/166/5 260/167/5
f 251/168/9 252/169/9 250/170/9 249/171/9
f 255/172/5 253/164/5 260/167/5 257/173/5
f 256/174/1 254/175/1 253/176/1 255/177/1
f 243/178/3 242/179/3 247/180/3 245/181/3
f 245/182/1 247/183/1 248/184/1 246/185/1
f 246/186/5 248/187/5 241/188/5 244/189/5
f 258/190/3 259/160/3 254/163/3 256/191/3
f 254/175/10 250/170/10 252/169/10 253/176/10
f 280/192/3 265/193/3 264/194/3 272/195/3
f 272/196/11 264/197/11 269/198/11 276/199/11
f 277/200/9 263/201/9 262/202/9 273/203/9
f 278/204/12 266/205/12 263/206/12 277/207/12
f 274/208/5 267/209/5 266/210/5 278/211/5
f 275/212/13 268/213/13 267/214/13 274/215/13
f 276/216/7 269/217/7 268/218/7 275/219/7
f 286/220/1 262/221/1 263/206/1 287/222/1
f 270/223/1 264/194/1 265/193/1 298/224/1
f 273/225/14 262/226/14 265/193/14 280/192/14
f 287/227/1 263/228/1 266/210/1 285/229/1
f 285/230/1 266/210/1 267/209/1 288/231/1
f 288/232/1 267/214/1 268/213/1 289/233/1
f 289/234/1 268/218/1 269/217/1 271/235/1
f 298/236/1 265/237/1 262/202/1 286/238/1
f 271/239/1 269/198/1 264/197/1 270/240/1
f 279/241/3 280/192/3 272/195/3 261/242/3
f 276/199/11 281/243/11 261/244/11 272/196/11
f 280/192/14 279/241/14 282/245/14 273/225/14
f 283/246/6 284/247/6 279/248/6 261/249/6
f 233/250/6 235/88/6 177/251/6 169/80/6
f 306/252/8 289/253/8 271/254/8 301/255/8
f 299/256/15 298/257/15 286/258/15 300/259/15
f 301/260/16 271/261/16 270/262/16 302/263/16
f 300/264/10 286/265/10 287/266/10 303/267/10
f 303/268/17 287/269/17 285/270/17 304/271/17
f 304/272/4 285/273/4 288/274/4 305/275/4
f 305/276/18 288/277/18 289/278/18 306/279/18
f 314/280/1 306/281/1 301/282/1 309/283/1
f 307/284/1 299/285/1 300/286/1 308/287/1
f 309/288/1 301/260/1 302/263/1 310/289/1
f 302/290/2 270/291/2 298/292/2 299/293/2
f 308/294/1 300/295/1 303/296/1 311/297/1
f 311/298/1 303/299/1 304/300/1 312/301/1
f 312/302/1 304/303/1 305/304/1 313/305/1
f 313/306/1 305/307/1 306/308/1 314/309/1
f 297/310/10 314/311/10 309/288/10 290/312/10
f 292/313/18 307/314/18 308/315/18 293/316/18
f 290/312/17 309/288/17 310/289/17 291/317/17
f 310/318/1 302/319/1 299/320/1 307/321/1
f 293/322/8 308/323/8 311/324/8 294/325/8
f 294/325/16 311/324/16 312/326/16 295/327/16
f 295/328/2 312/329/2 313/330/2 296/331/2
f 296/331/15 313/330/15 314/332/15 297/333/15
f 291/334/4 310/335/4 307/314/4 292/313/4
f 292/336/1 315/337/1 291/338/1
f 291/339/1 315/337/1 290/340/1
f 290/341/1 315/337/1 297/342/1
f 297/343/1 315/337/1 296/344/1
f 296/345/1 315/337/1 295/346/1
f 295/347/1 315/337/1 294/348/1
f 294/349/1 315/337/1 293/350/1
f 293/351/1 315/337/1 292/352/1
f 320/353/7 319/354/7 321/355/7 322/356/7
f 318/90/3 319/357/3 320/358/3 316/91/3
f 317/110/5 322/359/5 321/360/5 193/111/5
f 193/94/8 321/355/8 319/354/8 318/95/8
f 242/179/3 323/361/3 324/362/3 247/180/3
f 248/187/5 326/363/5 325/364/5 241/188/5
f 325/365/9 326/366/9 324/367/9 323/368/9
f 247/183/10 324/367/10 326/366/10 248/184/10
f 347/369/1 346/370/1 348/371/1 349/372/1
f 351/373/7 367/374/7 365/375/7 332/376/7
f 353/377/1 352/378/1 355/379/1 354/380/1
f 352/381/1 353/382/1 361/383/1
f 350/384/1 351/385/1 358/386/1
f 346/387/1 347/388/1 362/389/1
f 346/387/1 362/389/1 363/390/1 364/391/1
f 350/384/1 358/386/1 359/392/1 360/393/1
f 352/381/1 361/383/1 356/394/1 357/395/1
f 328/396/11 337/397/11 362/398/11 347/369/11
f 330/399/7 328/400/7 347/401/7 349/402/7
f 336/403/7 334/404/7 353/405/7 354/406/7
f 338/407/5 333/408/5 352/409/5 357/410/5
f 327/411/9 329/412/9 348/413/9 346/414/9
f 334/415/11 341/416/11 361/417/11 353/377/11
f 333/418/9 335/419/9 355/420/9 352/421/9
f 341/422/3 345/423/3 356/424/3 361/425/3
f 332/426/11 339/427/11 358/428/11 351/429/11
f 339/430/3 340/431/3 359/432/3 358/433/3
f 331/434/9 366/435/9 368/436/9 350/437/9
f 342/438/5 331/439/5 350/440/5 360/441/5
f 343/442/5 327/443/5 346/444/5 364/445/5
f 337/446/3 344/447/3 363/448/3 362/449/3
f 350/450/1 368/451/1 367/452/1 351/429/1
f 387/453/1 386/454/1 370/455/1 369/456/1
f 400/457/3 375/458/3 374/459/3 393/460/3
f 394/461/5 373/462/5 391/463/5 410/464/5
f 395/465/5 377/466/5 387/467/5 406/468/5
f 406/469/7 387/470/7 369/471/7 371/472/7
f 398/473/3 379/474/3 378/475/3 397/476/3
f 405/477/14 386/454/14 379/478/14 398/479/14
f 396/480/3 376/481/3 381/482/3 392/483/3
f 404/484/7 385/485/7 382/486/7 402/487/7
f 403/488/14 384/489/14 376/490/14 396/491/14
f 410/492/7 391/493/7 389/494/7 408/495/7
f 399/496/5 380/497/5 385/498/5 404/499/5
f 401/500/9 383/501/9 384/502/9 403/503/9
f 407/504/9 388/505/9 390/506/9 409/507/9
f 409/508/14 390/509/14 375/510/14 400/511/14
f 385/512/1 380/513/1 381/514/1 376/515/1
f 387/516/1 377/517/1 378/518/1 379/519/1
f 391/520/1 373/521/1 374/522/1 375/523/1
f 391/520/1 375/523/1 390/524/1
f 387/516/1 379/519/1 386/525/1
f 385/512/1 376/515/1 384/526/1
f 384/489/1 383/527/1 382/528/1 385/529/1
f 386/530/9 405/531/9 372/532/9 370/533/9
f 390/509/1 388/534/1 389/535/1 391/536/1
f 1172/537/3 1173/538/3 1177/539/3 1176/540/3
f 1164/541/5 1165/542/5 1169/543/5 1168/544/5
f 1168/545/9 1169/546/9 1167/547/9 1166/548/9
f 1166/549/3 1167/550/3 1163/551/3 1162/552/3
f 1164/553/6 1168/545/6 1166/548/6 1162/554/6
f 1169/546/1 1165/555/1 1163/556/1 1167/547/1
f 1176/540/7 1177/539/7 1175/557/7 1174/558/7
f 1174/558/5 1175/557/5 1171/559/5 1170/560/5
f 1172/561/6 1176/562/6 1174/563/6 1170/564/6
f 1177/565/1 1173/566/1 1171/567/1 1175/568/1
f 1182/569/10 1184/570/10 1179/571/10 1180/572/10
f 1183/573/3 1196/574/3 1192/575/3 1179/576/3
f 1186/577/5 1185/578/5 1182/579/5 1181/580/5
f 1187/581/3 1188/582/3 1183/583/3 1184/584/3
f 1188/585/6 1186/586/6 1181/587/6 1183/588/6
f 1185/589/1 1187/590/1 1184/570/1 1182/569/1
f 1184/591/3 1183/573/3 1179/576/3
f 1181/592/5 1182/593/5 1180/594/5
f 1181/587/7 1197/595/7 1196/596/7 1183/588/7
f 1191/597/1 1189/598/1 1195/599/1 1192/600/1
f 1190/601/3 1191/602/3 1192/603/3 1193/604/3
f 1189/605/5 1178/606/5 1194/607/5 1195/608/5
f 1178/609/6 1190/610/6 1193/611/6 1194/612/6
f 1193/613/3 1192/575/3 1196/574/3
f 1195/614/5 1194/615/5 1197/616/5
f 1194/612/19 1193/611/19 1196/596/19 1197/595/19
f 1179/571/9 1192/600/9 1195/599/9 1180/572/9
f 1180/594/5 1195/614/5 1197/616/5 1181/592/5
f 1208/617/7 1209/618/7 1213/619/7 1212/620/7
f 1200/621/9 1201/622/9 1205/623/9 1204/624/9
f 1204/625/3 1205/626/3 1203/627/3 1202/628/3
f 1202/629/7 1203/630/7 1199/631/7 1198/632/7
f 1200/633/6 1204/625/6 1202/628/6 1198/634/6
f 1205/626/1 1201/635/1 1199/636/1 1203/627/1
f 1212/620/5 1213/619/5 1211/637/5 1210/638/5
f 1210/638/9 1211/637/9 1207/639/9 1206/640/9
f 1208/641/6 1212/642/6 1210/643/6 1206/644/6
f 1213/645/1 1209/646/1 1207/647/1 1211/648/1
f 1218/649/2 1220/650/2 1215/651/2 1216/652/2
f 1219/653/7 1232/654/7 1228/655/7 1215/656/7
f 1222/657/9 1221/658/9 1218/659/9 1217/660/9
f 1223/661/7 1224/662/7 1219/663/7 1220/664/7
f 1224/665/6 1222/666/6 1217/667/6 1219/668/6
f 1221/669/1 1223/670/1 1220/650/1 1218/649/1
f 1220/671/7 1219/653/7 1215/656/7
f 1217/672/9 1218/673/9 1216/674/9
f 1217/667/5 1233/675/5 1232/676/5 1219/668/5
f 1227/677/1 1225/678/1 1231/679/1 1228/680/1
f 1226/681/7 1227/682/7 1228/683/7 1229/684/7
f 1225/685/9 1214/686/9 1230/687/9 1231/688/9
f 1214/689/6 1226/690/6 1229/691/6 1230/692/6
f 1229/693/7 1228/655/7 1232/654/7
f 1231/694/9 1230/695/9 1233/696/9
f 1230/692/20 1229/691/20 1232/676/20 1233/675/20
f 1215/651/3 1228/680/3 1231/679/3 1216/652/3
f 1216/674/9 1231/694/9 1233/696/9 1217/672/9
f 1244/697/13 1245/698/13 1249/699/13 1248/700/13
f 1234/701/1 1238/702/1 1240/703/1 1236/704/1
f 1239/705/6 1235/706/6 1237/707/6 1241/708/6
f 1237/709/13 1236/710/13 1240/711/13 1241/712/13
f 1235/706/11 1234/701/11 1236/704/11 1237/707/11
f 1239/713/14 1238/714/14 1234/715/14 1235/716/14
f 1248/700/12 1249/699/12 1247/717/12 1246/718/12
f 1246/718/14 1247/717/14 1243/719/14 1242/720/14
f 1244/721/6 1248/722/6 1246/723/6 1242/724/6
f 1249/725/1 1245/726/1 1243/727/1 1247/728/1
f 1254/729/16 1256/730/16 1251/731/16 1252/732/16
f 1255/733/13 1268/734/13 1264/735/13 1251/736/13
f 1258/737/14 1257/738/14 1254/739/14 1253/740/14
f 1259/741/13 1260/742/13 1255/743/13 1256/744/13
f 1260/745/6 1258/746/6 1253/747/6 1255/748/6
f 1257/749/1 1259/750/1 1256/730/1 1254/729/1
f 1256/751/13 1255/733/13 1251/736/13
f 1253/752/14 1254/753/14 1252/754/14
f 1253/747/12 1269/755/12 1268/756/12 1255/748/12
f 1263/757/1 1261/758/1 1267/759/1 1264/760/1
f 1262/761/13 1263/762/13 1264/763/13 1265/764/13
f 1261/765/14 1250/766/14 1266/767/14 1267/768/14
f 1250/769/6 1262/770/6 1265/771/6 1266/772/6
f 1265/773/13 1264/735/13 1268/734/13
f 1267/774/14 1266/775/14 1269/776/14
f 1266/772/21 1265/771/21 1268/756/21 1269/755/21
f 1251/731/11 1264/760/11 1267/759/11 1252/732/11
f 1252/754/14 1267/774/14 1269/776/14 1253/752/14
f 1280/777/5 1281/778/5 1285/779/5 1284/780/5
f 1272/781/3 1273/782/3 1277/783/3 1276/784/3
f 1276/785/7 1277/786/7 1275/787/7 1274/788/7
f 1274/789/5 1275/790/5 1271/791/5 1270/792/5
f 1272/793/6 1276/785/6 1274/788/6 1270/794/6
f 1277/786/1 1273/795/1 1271/796/1 1275/787/1
f 1284/780/9 1285/779/9 1283/797/9 1282/798/9
f 1282/798/3 1283/797/3 1279/799/3 1278/800/3
f 1280/801/6 1284/802/6 1282/803/6 1278/804/6
f 1285/805/1 1281/806/1 1279/807/1 1283/808/1
f 1290/809/8 1292/810/8 1287/811/8 1288/812/8
f 1291/813/5 1304/814/5 1300/815/5 1287/816/5
f 1294/817/3 1293/818/3 1290/819/3 1289/820/3
f 1295/821/5 1296/822/5 1291/823/5 1292/824/5
f 1296/825/6 1294/826/6 1289/827/6 1291/828/6
f 1293/829/1 1295/830/1 1292/810/1 1290/809/1
f 1292/831/5 1291/813/5 1287/816/5
f 1289/832/3 1290/833/3 1288/834/3
f 1289/827/9 1305/835/9 1304/836/9 1291/828/9
f 1299/837/1 1297/838/1 1303/839/1 1300/840/1
f 1298/841/5 1299/842/5 1300/843/5 1301/844/5
f 1297/845/3 1286/846/3 1302/847/3 1303/848/3
f 1286/849/6 1298/850/6 1301/851/6 1302/852/6
f 1301/853/5 1300/815/5 1304/814/5
f 1303/854/3 1302/855/3 1305/856/3
f 1302/852/22 1301/851/22 1304/836/22 1305/835/22
f 1287/811/7 1300/840/7 1303/839/7 1288/812/7
f 1288/834/3 1303/854/3 1305/856/3 1289/832/3
f 1309/857/11 1307/858/11 1312/859/11 1313/860/11
f 1308/861/14 1306/862/14 1307/863/14 1309/864/14
f 1306/862/1 1310/865/1 1312/866/1 1307/863/1
f 1316/867/11 1317/868/11 1321/869/11 1320/870/11
f 1311/871/6 1308/861/6 1309/864/6 1313/872/6
f 1311/873/12 1310/874/12 1306/875/12 1308/876/12
f 1320/870/13 1321/869/13 1319/877/13 1318/878/13
f 1318/878/12 1319/877/12 1315/879/12 1314/880/12
f 1316/881/6 1320/882/6 1318/883/6 1314/884/6
f 1321/885/1 1317/886/1 1315/887/1 1319/888/1
f 1326/889/15 1328/890/15 1323/891/15 1324/892/15
f 1327/893/11 1340/894/11 1336/895/11 1323/896/11
f 1330/897/12 1329/898/12 1326/899/12 1325/900/12
f 1331/901/11 1332/902/11 1327/903/11 1328/904/11
f 1332/905/6 1330/906/6 1325/907/6 1327/908/6
f 1329/909/1 1331/910/1 1328/890/1 1326/889/1
f 1328/911/11 1327/893/11 1323/896/11
f 1325/912/12 1326/913/12 1324/914/12
f 1325/907/13 1341/915/13 1340/916/13 1327/908/13
f 1335/917/1 1333/918/1 1339/919/1 1336/920/1
f 1334/921/11 1335/922/11 1336/923/11 1337/924/11
f 1333/925/12 1322/926/12 1338/927/12 1339/928/12
f 1322/929/6 1334/930/6 1337/931/6 1338/932/6
f 1337/933/11 1336/895/11 1340/894/11
f 1339/934/12 1338/935/12 1341/936/12
f 1338/932/23 1337/931/23 1340/916/23 1341/915/23
f 1323/891/14 1336/920/14 1339/919/14 1324/892/14
f 1324/914/12 1339/934/12 1341/936/12 1325/912/12
usemtl CENTRIFUGE
f 1/937/7 2/938/7 11/939/7 10/940/7
f 8/941/9 15/942/9 19/943/9
f 2/944/3 1/945/3 33/946/3 34/947/3
f 5/948/7 1/937/7 18/949/7 20/950/7
f 2/938/7 6/951/7 16/952/7 13/953/7
f 10/954/5 11/955/5 12/956/5 9/957/5
f 7/958/9 8/941/9 19/943/9 21/959/9
f 10/954/5 9/957/5 25/960/5 26/961/5
f 4/962/9 3/963/9 9/957/9 12/956/9
f 15/964/1 14/965/1 13/966/1 16/967/1
f 13/968/4 14/969/4 12/956/4 11/955/4
f 4/962/9 12/956/9 14/970/9
f 11/939/7 2/938/7 13/953/7
f 8/941/9 4/962/9 14/970/9 15/942/9
f 17/971/6 24/972/6 20/973/6 18/974/6
f 21/975/3 19/976/3 23/977/3 22/978/3
f 17/971/6 18/974/6 26/979/6 25/980/6
f 15/981/2 16/982/2 23/977/2 19/976/2
f 6/951/7 5/948/7 22/978/7 23/977/7
f 21/975/3 22/978/3 27/983/3 28/984/3
f 16/952/7 6/951/7 23/977/7
f 20/973/6 24/972/6 28/985/6 27/986/6
f 9/957/9 3/963/9 17/987/9 25/960/9
f 7/958/9 21/959/9 28/988/9 24/989/9
f 1/937/7 10/940/7 26/990/7 18/949/7
f 3/963/9 7/958/9 24/989/9 17/987/9
f 22/978/7 5/948/7 20/950/7 27/983/7
f 32/991/7 31/992/7 30/993/7 29/994/7
f 1/995/1 5/996/1 36/997/1 33/998/1
f 6/999/6 2/1000/6 34/1001/6 35/1002/6
f 5/1003/5 6/1004/5 35/1005/5 36/1006/5
f 29/994/11 30/993/11 34/1007/11 33/1008/11
f 31/992/13 32/991/13 36/1009/13 35/1010/13
f 32/991/8 29/994/8 33/1008/8 36/1009/8
f 30/993/19 31/992/19 35/1010/19 34/1007/19
f 3/1011/9 4/962/9 37/1012/9
f 4/962/9 8/941/9 37/1012/9
f 8/941/9 7/1013/9 37/1012/9
f 7/1013/9 3/1011/9 37/1012/9
f 38/1014/7 39/1015/7 48/1016/7 47/1017/7
f 45/1018/9 52/1019/9 56/1020/9
f 39/1021/3 38/1022/3 70/1023/3 71/1024/3
f 42/1025/7 38/1014/7 55/1026/7 57/1027/7
f 39/1015/7 43/1028/7 53/1029/7 50/1030/7
f 47/1031/5 48/1032/5 49/1033/5 46/1034/5
f 44/1035/9 45/1018/9 56/1020/9 58/1036/9
f 47/1031/5 46/1034/5 62/1037/5 63/1038/5
f 41/1039/9 40/1040/9 46/1034/9 49/1033/9
f 52/1041/1 51/1042/1 50/1043/1 53/1044/1
f 50/1045/4 51/1046/4 49/1033/4 48/1032/4
f 41/1039/9 49/1033/9 51/1047/9
f 48/1016/7 39/1015/7 50/1030/7
f 45/1018/9 41/1039/9 51/1047/9 52/1019/9
f 54/1048/6 61/1049/6 57/1050/6 55/1051/6
f 58/1052/3 56/1053/3 60/1054/3 59/1055/3
f 54/1048/6 55/1051/6 63/1056/6 62/1057/6
f 52/1058/2 53/1059/2 60/1054/2 56/1053/2
f 43/1028/7 42/1025/7 59/1055/7 60/1054/7
f 58/1052/3 59/1055/3 64/1060/3 65/1061/3
f 53/1029/7 43/1028/7 60/1054/7
f 57/1050/6 61/1049/6 65/1062/6 64/1063/6
f 46/1034/9 40/1040/9 54/1064/9 62/1037/9
f 44/1035/9 58/1036/9 65/1065/9 61/1066/9
f 38/1014/7 47/1017/7 63/1067/7 55/1026/7
f 40/1040/9 44/1035/9 61/1066/9 54/1064/9
f 59/1055/7 42/1025/7 57/1027/7 64/1060/7
f 69/1068/7 68/1069/7 67/1070/7 66/1071/7
f 38/1072/1 42/1073/1 73/1074/1 70/1075/1
f 43/1076/6 39/1077/6 71/1078/6 72/1079/6
f 42/1080/5 43/1081/5 72/1082/5 73/1083/5
f 66/1071/11 67/1070/11 71/1084/11 70/1085/11
f 68/1069/13 69/1068/13 73/1086/13 72/1087/13
f 69/1068/8 66/1071/8 70/1085/8 73/1086/8
f 67/1070/19 68/1069/19 72/1087/19 71/1084/19
f 40/1088/9 41/1039/9 74/1089/9
f 41/1039/9 45/1018/9 74/1089/9
f 45/1018/9 44/1090/9 74/1089/9
f 44/1090/9 40/1088/9 74/1089/9
f 75/1091/9 76/1092/9 85/1093/9 84/1094/9
f 82/1095/7 89/1096/7 93/1097/7
f 76/1098/5 75/1099/5 107/1100/5 108/1101/5
f 79/1102/9 75/1091/9 92/1103/9 94/1104/9
f 76/1092/9 80/1105/9 90/1106/9 87/1107/9
f 84/1108/3 85/1109/3 86/1110/3 83/1111/3
f 81/1112/7 82/1095/7 93/1097/7 95/1113/7
f 84/1108/3 83/1111/3 99/1114/3 100/1115/3
f 78/1116/7 77/1117/7 83/1111/7 86/1110/7
f 89/1118/1 88/1119/1 87/1120/1 90/1121/1
f 87/1122/2 88/1123/2 86/1110/2 85/1109/2
f 78/1116/7 86/1110/7 88/1124/7
f 85/1093/9 76/1092/9 87/1107/9
f 82/1095/7 78/1116/7 88/1124/7 89/1096/7
f 91/1125/6 98/1126/6 94/1127/6 92/1128/6
f 95/1129/5 93/1130/5 97/1131/5 96/1132/5
f 91/1125/6 92/1128/6 100/1133/6 99/1134/6
f 89/1135/4 90/1136/4 97/1131/4 93/1130/4
f 80/1105/9 79/1102/9 96/1132/9 97/1131/9
f 95/1129/5 96/1132/5 101/1137/5 102/1138/5
f 90/1106/9 80/1105/9 97/1131/9
f 94/1127/6 98/1126/6 102/1139/6 101/1140/6
f 83/1111/7 77/1117/7 91/1141/7 99/1114/7
f 81/1112/7 95/1113/7 102/1142/7 98/1143/7
f 75/1091/9 84/1094/9 100/1144/9 92/1103/9
f 77/1117/7 81/1112/7 98/1143/7 91/1141/7
f 96/1132/9 79/1102/9 94/1104/9 101/1137/9
f 106/1145/9 105/1146/9 104/1147/9 103/1148/9
f 75/1149/1 79/1150/1 110/1151/1 107/1152/1
f 80/1153/6 76/1154/6 108/1155/6 109/1156/6
f 79/1157/3 80/1158/3 109/1159/3 110/1160/3
f 103/1148/12 104/1147/12 108/1161/12 107/1162/12
f 105/1146/14 106/1145/14 110/1163/14 109/1164/14
f 106/1145/10 103/1148/10 107/1162/10 110/1163/10
f 104/1147/22 105/1146/22 109/1164/22 108/1161/22
f 77/1165/7 78/1116/7 111/1166/7
f 78/1116/7 82/1095/7 111/1166/7
f 82/1095/7 81/1167/7 111/1166/7
f 81/1167/7 77/1165/7 111/1166/7
f 112/1168/9 113/1169/9 122/1170/9 121/1171/9
f 119/1172/7 126/1173/7 130/1174/7
f 113/1175/5 112/1176/5 144/1177/5 145/1178/5
f 116/1179/9 112/1168/9 129/1180/9 131/1181/9
f 113/1169/9 117/1182/9 127/1183/9 124/1184/9
f 121/1185/3 122/1186/3 123/1187/3 120/1188/3
f 118/1189/7 119/1172/7 130/1174/7 132/1190/7
f 121/1185/3 120/1188/3 136/1191/3 137/1192/3
f 115/1193/7 114/1194/7 120/1188/7 123/1187/7
f 126/1195/1 125/1196/1 124/1197/1 127/1198/1
f 124/1199/2 125/1200/2 123/1187/2 122/1186/2
f 115/1193/7 123/1187/7 125/1201/7
f 122/1170/9 113/1169/9 124/1184/9
f 119/1172/7 115/1193/7 125/1201/7 126/1173/7
f 128/1202/6 135/1203/6 131/1204/6 129/1205/6
f 132/1206/5 130/1207/5 134/1208/5 133/1209/5
f 128/1202/6 129/1205/6 137/1210/6 136/1211/6
f 126/1212/4 127/1213/4 134/1208/4 130/1207/4
f 117/1182/9 116/1179/9 133/1209/9 134/1208/9
f 132/1206/5 133/1209/5 138/1214/5 139/1215/5
f 127/1183/9 117/1182/9 134/1208/9
f 131/1204/6 135/1203/6 139/1216/6 138/1217/6
f 120/1188/7 114/1194/7 128/1218/7 136/1191/7
f 118/1189/7 132/1190/7 139/1219/7 135/1220/7
f 112/1168/9 121/1171/9 137/1221/9 129/1180/9
f 114/1194/7 118/1189/7 135/1220/7 128/1218/7
f 133/1209/9 116/1179/9 131/1181/9 138/1214/9
f 143/1222/9 142/1223/9 141/1224/9 140/1225/9
f 112/1226/1 116/1227/1 147/1228/1 144/1229/1
f 117/1230/6 113/1231/6 145/1232/6 146/1233/6
f 116/1234/3 117/1235/3 146/1236/3 147/1237/3
f 140/1225/12 141/1224/12 145/1238/12 144/1239/12
f 142/1223/14 143/1222/14 147/1240/14 146/1241/14
f 143/1222/10 140/1225/10 144/1239/10 147/1240/10
f 141/1224/22 142/1223/22 146/1241/22 145/1238/22
f 114/1242/7 115/1193/7 148/1243/7
f 115/1193/7 119/1172/7 148/1243/7
f 119/1172/7 118/1244/7 148/1243/7
f 118/1244/7 114/1242/7 148/1243/7
f 198/1245/9 202/1246/9 201/1247/9
f 200/1248/7 203/1249/7 199/1250/7
f 202/1251/24 203/1252/24 200/1253/24 201/1254/24
f 198/1245/25 199/1250/25 203/1249/25 202/1255/25
f 204/1256/9 208/1257/9 207/1258/9
f 206/1259/7 209/1260/7 205/1261/7
f 208/1262/24 209/1263/24 206/1264/24 207/1265/24
f 204/1256/25 205/1261/25 209/1260/25 208/1266/25
f 210/1267/7 214/1268/7 213/1269/7
f 212/1270/9 215/1271/9 211/1272/9
f 214/1273/26 215/1274/26 212/1275/26 213/1276/26
f 210/1267/27 211/1272/27 215/1271/27 214/1277/27
f 216/1278/7 220/1279/7 219/1280/7
f 218/1281/9 221/1282/9 217/1283/9
f 220/1284/26 221/1285/26 218/1286/26 219/1287/26
f 216/1278/27 217/1283/27 221/1282/27 220/1288/27
f 222/1289/7 226/1290/7 225/1291/7
f 224/1292/9 227/1293/9 223/1294/9
f 226/1295/26 227/1296/26 224/1297/26 225/1298/26
f 222/1289/27 223/1294/27 227/1293/27 226/1299/27
usemtl GRAND_FUSERY
f 411/1300/7 412/1301/7 414/1302/7 413/1303/7
f 414/1304/13 424/1305/13 423/1306/13 413/1307/13
f 417/1308/9 418/1309/9 416/1310/9 415/1311/9
f 423/1306/5 424/1305/5 426/1312/5 425/1313/5
f 414/1302/8 412/1301/8 422/1314/8 421/1315/8
f 429/1316/3 430/1317/3 428/1318/3 427/1319/3
f 427/1319/14 428/1318/14 418/1309/14 417/1308/14
f 434/1320/3 433/1321/3 432/1322/3 431/1323/3
f 426/1312/4 424/1305/4 420/1324/4 419/1325/4
f 415/1326/14 416/1327/14 433/1328/14 434/1329/14
f 412/1330/11 411/1331/11 431/1323/11 432/1322/11
f 416/1310/10 418/1309/10 436/1332/10 435/1333/10
f 432/1322/2 433/1321/2 438/1334/2 437/1335/2
f 412/1336/28 432/1337/28 437/1338/28 422/1339/28
f 433/1340/29 416/1341/29 435/1342/29 438/1343/29
f 424/1344/30 414/1345/30 421/1346/30 420/1347/30
f 428/1318/2 430/1317/2 440/1348/2 439/1349/2
f 428/1350/29 439/1351/29 436/1352/29 418/1353/29
f 438/1354/1 435/1355/1 422/1356/1 437/1357/1
f 422/1358/1 435/1359/1 436/1360/1 421/1361/1
f 420/1362/1 439/1363/1 440/1364/1 419/1365/1
f 420/1362/1 421/1361/1 436/1360/1 439/1363/1
f 441/1366/9 443/1367/9 444/1368/9 442/1369/9
f 444/1370/12 443/1371/12 452/1372/12 453/1373/12
f 447/1374/7 445/1375/7 446/1376/7 448/1377/7
f 452/1372/5 425/1313/5 426/1312/5 453/1373/5
f 444/1368/10 450/1378/10 451/1379/10 442/1369/10
f 429/1316/3 454/1380/3 455/1381/3 430/1317/3
f 454/1380/11 447/1374/11 448/1377/11 455/1381/11
f 459/1382/3 456/1383/3 457/1384/3 458/1385/3
f 426/1312/4 419/1325/4 449/1386/4 453/1373/4
f 445/1387/11 459/1388/11 458/1389/11 446/1390/11
f 442/1391/14 457/1384/14 456/1383/14 441/1392/14
f 446/1376/8 460/1393/8 461/1394/8 448/1377/8
f 457/1384/2 462/1395/2 463/1396/2 458/1385/2
f 442/1397/29 451/1398/29 462/1399/29 457/1400/29
f 458/1401/28 463/1402/28 460/1403/28 446/1404/28
f 453/1405/31 449/1406/31 450/1407/31 444/1408/31
f 455/1381/2 464/1409/2 440/1348/2 430/1317/2
f 455/1410/28 448/1411/28 461/1412/28 464/1413/28
f 463/1414/1 462/1415/1 451/1416/1 460/1417/1
f 451/1418/1 450/1419/1 461/1420/1 460/1421/1
f 449/1422/1 419/1365/1 440/1364/1 464/1423/1
f 449/1422/1 464/1423/1 461/1420/1 450/1419/1
f 466/1424/2 472/1425/2 474/1426/2 468/1427/2
f 480/1428/1 475/1429/1 478/1430/1 484/1431/1
f 1148/1432/3 472/1425/3 466/1424/3 1152/1433/3
f 1143/1434/5 482/1435/5 476/1436/5 1147/1437/5
f 466/1438/28 468/1439/28 469/1440/28 467/1441/28
f 465/1442/1 469/1443/1 468/1444/1
f 471/1445/10 477/1446/10 479/1447/10 473/1448/10
f 475/1449/1 470/1450/1 473/1451/1 479/1452/1
f 1151/1453/7 467/1454/7 481/1455/7 1144/1456/7
f 471/1457/29 473/1458/29 474/1459/29 472/1460/29
f 470/1450/1 474/1461/1 473/1451/1
f 482/1435/4 484/1462/4 478/1463/4 476/1436/4
f 476/1464/32 478/1465/32 479/1466/32 477/1467/32
f 475/1429/1 479/1468/1 478/1430/1
f 481/1455/8 467/1454/8 469/1469/8 483/1470/8
f 465/1471/1 480/1472/1 483/1473/1 469/1474/1
f 481/1475/30 483/1476/30 484/1477/30 482/1478/30
f 480/1472/1 484/1479/1 483/1473/1
f 1146/1480/9 477/1446/9 471/1445/9 1150/1481/9
f 470/1482/1 465/1442/1 468/1444/1 474/1483/1
f 486/1484/13 485/1485/13 496/1486/13 495/1487/13
f 488/1488/12 499/1489/12 500/1490/12 487/1491/12
f 492/1492/14 491/1493/14 498/1494/14 497/1495/14
f 489/1496/11 490/1497/11 493/1498/11 494/1499/11
f 503/1500/6 527/1501/6 502/1502/6 505/1503/6
f 552/1504/3 504/1505/3 501/1506/3 507/1507/3
f 504/1505/33 505/1508/33 502/1509/33 501/1506/33
f 501/1510/14 529/1511/14 528/1512/14 507/1513/14
f 501/1514/34 502/1515/34 530/1516/34 529/1517/34
f 527/1518/6 530/1519/6 502/1520/6
f 552/1504/2 507/1507/2 508/1521/2 506/1522/2
f 528/1523/35 532/1524/35 508/1525/35 507/1526/35
f 557/1527/4 509/1528/4 542/1529/4 558/1530/4
f 506/1522/1 508/1521/1 509/1528/1 557/1527/1
f 542/1531/36 509/1532/36 537/1533/36
f 508/1534/1 532/1535/1 537/1536/1 509/1537/1
f 522/1538/37 527/1539/37 510/1540/37
f 556/1541/3 531/1542/3 545/1543/3 562/1544/3
f 548/1545/38 522/1538/38 510/1540/38
f 531/1546/1 556/1547/1 558/1548/1 542/1549/1
f 503/1550/39 548/1545/39 510/1540/39
f 527/1539/40 503/1550/40 510/1540/40
f 544/1551/2 560/1552/2 562/1544/2 545/1543/2
f 560/1553/4 544/1554/4 521/1555/4
f 475/1556/41 480/1557/41 511/1558/41
f 480/1559/42 465/1560/42 511/1558/42
f 465/1561/43 470/1562/43 511/1558/43
f 470/1563/44 475/1564/44 511/1558/44
f 522/1565/6 548/1566/6 513/1567/6 526/1568/6
f 533/1569/5 524/1570/5 512/1571/5 515/1572/5
f 524/1570/20 526/1573/20 513/1574/20 512/1571/20
f 512/1575/13 550/1576/13 549/1577/13 515/1578/13
f 512/1579/45 513/1580/45 514/1581/45 550/1582/45
f 548/1583/6 514/1584/6 513/1585/6
f 533/1569/4 515/1572/4 517/1586/4 535/1587/4
f 549/1588/46 516/1589/46 517/1590/46 515/1591/46
f 540/1592/2 518/1593/2 559/1594/2 541/1595/2
f 535/1587/1 517/1586/1 518/1593/1 540/1592/1
f 559/1596/47 518/1597/47 519/1598/47
f 517/1599/1 516/1600/1 519/1601/1 518/1602/1
f 539/1603/5 551/1604/5 563/1605/5 520/1606/5
f 551/1607/1 539/1608/1 541/1609/1 559/1610/1
f 561/1611/4 543/1612/4 520/1606/4 563/1605/4
f 543/1613/2 561/1614/2 521/1555/2
f 527/1615/6 522/1616/6 525/1617/6 530/1618/6
f 528/1619/9 529/1620/9 523/1621/9 534/1622/9
f 529/1620/22 530/1623/22 525/1624/22 523/1621/22
f 523/1625/12 524/1626/12 533/1627/12 534/1628/12
f 523/1629/48 525/1630/48 526/1631/48 524/1632/48
f 522/1633/6 526/1634/6 525/1635/6
f 528/1619/10 534/1622/10 536/1636/10 532/1637/10
f 533/1638/32 535/1639/32 536/1640/32 534/1641/32
f 537/1642/8 538/1643/8 541/1609/8 542/1549/8
f 532/1637/1 536/1636/1 538/1643/1 537/1642/1
f 541/1644/28 538/1645/28 540/1646/28
f 536/1647/1 535/1648/1 540/1649/1 538/1650/1
f 531/1546/9 539/1608/9 520/1651/9 545/1652/9
f 539/1608/1 531/1546/1 542/1549/1 541/1609/1
f 543/1613/10 544/1554/10 545/1652/10 520/1651/10
f 544/1554/8 543/1613/8 521/1555/8
f 548/1653/6 503/1654/6 547/1655/6 514/1656/6
f 549/1657/7 550/1658/7 546/1659/7 553/1660/7
f 550/1658/19 514/1661/19 547/1662/19 546/1659/19
f 546/1663/11 504/1664/11 552/1665/11 553/1666/11
f 546/1667/49 547/1668/49 505/1669/49 504/1670/49
f 503/1671/6 505/1672/6 547/1673/6
f 549/1657/8 553/1660/8 554/1674/8 516/1675/8
f 552/1676/50 506/1677/50 554/1678/50 553/1679/50
f 519/1680/10 555/1681/10 558/1548/10 559/1610/10
f 516/1675/1 554/1674/1 555/1681/1 519/1680/1
f 558/1682/32 555/1683/32 557/1684/32
f 554/1685/1 506/1686/1 557/1687/1 555/1688/1
f 551/1607/7 556/1547/7 562/1689/7 563/1690/7
f 556/1547/1 551/1607/1 559/1610/1 558/1548/1
f 560/1553/8 561/1614/8 563/1690/8 562/1689/8
f 561/1614/10 560/1553/10 521/1555/10
f 565/1691/14 574/1692/14 575/1693/14 564/1694/14
f 567/1695/11 566/1696/11 579/1697/11 578/1698/11
f 571/1699/13 576/1700/13 577/1701/13 570/1702/13
f 568/1703/12 573/1704/12 572/1705/12 569/1706/12
f 582/1707/8 591/1708/8 593/1709/8 585/1710/8
f 601/1711/1 594/1712/1 599/1713/1 607/1714/1
f 590/1715/7 591/1708/7 582/1707/7 581/1716/7
f 582/1717/13 584/1718/13 583/1719/13 581/1720/13
f 604/1721/9 605/1722/9 596/1723/9 595/1724/9
f 582/1725/30 585/1726/30 586/1727/30 584/1728/30
f 580/1729/1 586/1730/1 585/1731/1
f 589/1732/2 598/1733/2 600/1734/2 592/1735/2
f 594/1736/1 587/1737/1 592/1735/1 600/1734/1
f 589/1738/11 591/1708/11 590/1715/11 588/1739/11
f 583/1719/5 584/1718/5 603/1740/5 602/1741/5
f 589/1742/51 592/1743/51 593/1744/51 591/1745/51
f 587/1746/1 593/1709/1 592/1747/1
f 605/1722/10 607/1714/10 599/1713/10 596/1723/10
f 596/1748/14 598/1733/14 597/1749/14 595/1750/14
f 594/1751/1 601/1752/1 580/1753/1 587/1754/1
f 596/1755/29 599/1756/29 600/1757/29 598/1758/29
f 594/1736/1 600/1734/1 599/1759/1
f 603/1740/4 584/1718/4 586/1730/4 606/1760/4
f 580/1729/1 601/1761/1 606/1760/1 586/1730/1
f 603/1762/12 605/1722/12 604/1721/12 602/1763/12
f 603/1764/32 606/1765/32 607/1766/32 605/1767/32
f 601/1711/1 607/1714/1 606/1768/1
f 597/1749/3 598/1733/3 589/1732/3 588/1769/3
f 587/1746/1 580/1770/1 585/1710/1 593/1709/1
f 609/1771/12 608/1772/12 619/1773/12 618/1774/12
f 611/1775/14 622/1776/14 623/1777/14 610/1778/14
f 615/1779/11 614/1780/11 621/1781/11 620/1782/11
f 612/1783/13 613/1784/13 616/1785/13 617/1786/13
f 632/1787/14 633/1788/14 635/1789/14 636/1790/14
f 639/1791/6 634/1792/6 637/1793/6 643/1794/6
f 642/1795/13 643/1796/13 625/1797/13 626/1798/13
f 624/1799/6 628/1800/6 627/1801/6
f 627/1802/12 628/1803/12 640/1804/12 641/1805/12
f 634/1806/6 629/1807/6 632/1808/6 638/1809/6
f 637/1810/11 638/1811/11 630/1812/11 631/1813/11
f 629/1807/6 633/1814/6 632/1808/6
f 633/1815/9 627/1802/9 641/1805/9 635/1816/9
f 634/1817/6 639/1818/6 624/1819/6 629/1820/6
f 638/1821/3 632/1787/3 636/1790/3 630/1822/3
f 634/1792/6 638/1823/6 637/1793/6
f 643/1824/7 637/1810/7 631/1813/7 625/1825/7
f 624/1826/6 639/1827/6 642/1828/6 628/1829/6
f 628/1830/5 642/1795/5 626/1798/5 640/1831/5
f 639/1827/6 643/1832/6 642/1828/6
f 629/1833/6 624/1799/6 627/1801/6 633/1834/6
f 640/1831/1 626/1798/1 645/1835/1 644/1836/1
f 625/1825/1 631/1813/1 646/1837/1 647/1838/1
f 630/1822/1 636/1790/1 648/1839/1 649/1840/1
f 635/1816/1 641/1805/1 650/1841/1 651/1842/1
f 625/1843/1 647/1844/1 645/1845/1 626/1846/1
f 630/1847/1 649/1848/1 646/1849/1 631/1850/1
f 635/1851/1 651/1852/1 648/1853/1 636/1854/1
f 641/1855/1 640/1856/1 644/1857/1 650/1858/1
f 650/1841/12 644/1859/12 652/1860/12 658/1861/12
f 646/1837/11 649/1862/11 657/1863/11 654/1864/11
f 644/1836/5 645/1835/5 653/1865/5 652/1866/5
f 651/1842/9 650/1841/9 658/1861/9 659/1867/9
f 647/1838/7 646/1837/7 654/1864/7 655/1868/7
f 648/1839/14 651/1869/14 659/1870/14 656/1871/14
f 645/1835/13 647/1872/13 655/1873/13 653/1865/13
f 649/1840/3 648/1839/3 656/1871/3 657/1874/3
f 654/1864/52 657/1863/52 667/1875/52
f 666/1876/2 667/1877/2 657/1874/2 656/1871/2
f 652/1866/4 653/1865/4 664/1878/4 665/1879/4
f 653/1865/30 655/1873/30 664/1878/30
f 659/1870/53 666/1876/53 656/1871/53
f 658/1861/32 652/1860/32 665/1880/32
f 658/1861/10 665/1880/10 666/1881/10 659/1867/10
f 655/1868/8 654/1864/8 667/1875/8 664/1882/8
f 660/1883/1 661/1884/1 665/1885/1 664/1886/1
f 661/1884/1 662/1887/1 666/1888/1 665/1885/1
f 663/1889/1 660/1883/1 664/1886/1 667/1890/1
f 662/1887/1 663/1889/1 667/1890/1 666/1888/1
f 661/1891/54 660/1892/54 668/1893/54
f 660/1892/55 663/1894/55 668/1893/55
f 663/1894/56 662/1895/56 668/1893/56
f 662/1895/57 661/1891/57 668/1893/57
f 670/1896/11 679/1897/11 680/1898/11 669/1899/11
f 672/1900/13 671/1901/13 684/1902/13 683/1903/13
f 676/1904/12 681/1905/12 682/1906/12 675/1907/12
f 673/1908/14 678/1909/14 677/1910/14 674/1911/14
f 686/1912/2 692/1913/2 694/1914/2 688/1915/2
f 700/1916/1 695/1917/1 698/1918/1 704/1919/1
f 692/1913/3 686/1912/3 1107/1920/3 1113/1921/3
f 686/1922/28 688/1923/28 689/1924/28 687/1925/28
f 685/1926/1 689/1927/1 688/1928/1
f 691/1929/10 697/1930/10 699/1931/10 693/1932/10
f 695/1933/1 690/1934/1 693/1932/1 699/1931/1
f 691/1935/29 693/1936/29 694/1937/29 692/1938/29
f 690/1939/1 694/1914/1 693/1940/1
f 702/1941/4 704/1919/4 698/1918/4 696/1942/4
f 695/1943/1 700/1944/1 685/1945/1 690/1946/1
f 696/1947/58 698/1948/58 699/1949/58 697/1950/58
f 695/1933/1 699/1931/1 698/1951/1
f 701/1952/8 687/1953/8 689/1927/8 703/1954/8
f 685/1926/1 700/1955/1 703/1954/1 689/1927/1
f 701/1956/30 703/1957/30 704/1958/30 702/1959/30
f 700/1916/1 704/1919/1 703/1960/1
f 690/1939/1 685/1961/1 688/1915/1 694/1914/1
f 706/1962/13 705/1963/13 716/1964/13 715/1965/13
f 708/1966/12 719/1967/12 720/1968/12 707/1969/12
f 712/1970/14 711/1971/14 718/1972/14 717/1973/14
f 709/1974/11 710/1975/11 713/1976/11 714/1977/11
f 729/1978/12 730/1979/12 732/1980/12 733/1981/12
f 736/1982/6 731/1983/6 734/1984/6 740/1985/6
f 739/1986/11 740/1987/11 722/1988/11 723/1989/11
f 721/1990/6 725/1991/6 724/1992/6
f 724/1993/13 725/1994/13 737/1995/13 738/1996/13
f 731/1997/6 726/1998/6 729/1999/6 735/2000/6
f 734/2001/14 735/2002/14 727/2003/14 728/2004/14
f 726/1998/6 730/2005/6 729/1999/6
f 730/2006/5 724/1993/5 738/1996/5 732/2007/5
f 731/2008/6 736/2009/6 721/2010/6 726/2011/6
f 735/2012/9 729/1978/9 733/1981/9 727/2013/9
f 731/1983/6 735/2014/6 734/1984/6
f 740/2015/3 734/2001/3 728/2004/3 722/2016/3
f 721/2017/6 736/2018/6 739/2019/6 725/2020/6
f 725/2021/7 739/1986/7 723/1989/7 737/2022/7
f 736/2018/6 740/2023/6 739/2019/6
f 726/2024/6 721/1990/6 724/1992/6 730/2025/6
f 737/2022/1 723/1989/1 742/2026/1 741/2027/1
f 722/2016/1 728/2004/1 743/2028/1 744/2029/1
f 727/2013/1 733/1981/1 745/2030/1 746/2031/1
f 732/2007/1 738/1996/1 747/2032/1 748/2033/1
f 722/2034/1 744/2035/1 742/2036/1 723/2037/1
f 727/2038/1 746/2039/1 743/2040/1 728/2041/1
f 732/2042/1 748/2043/1 745/2044/1 733/2045/1
f 738/2046/1 737/2047/1 741/2048/1 747/2049/1
f 747/2032/13 741/2050/13 749/2051/13 755/2052/13
f 743/2028/14 746/2053/14 754/2054/14 751/2055/14
f 741/2027/7 742/2026/7 750/2056/7 749/2057/7
f 748/2033/5 747/2032/5 755/2052/5 756/2058/5
f 744/2029/3 743/2028/3 751/2055/3 752/2059/3
f 745/2030/12 748/2060/12 756/2061/12 753/2062/12
f 742/2026/11 744/2063/11 752/2064/11 750/2056/11
f 746/2031/9 745/2030/9 753/2062/9 754/2065/9
f 751/2055/29 754/2054/29 764/2066/29
f 763/2067/10 764/2068/10 754/2065/10 753/2062/10
f 749/2057/8 750/2056/8 761/2069/8 762/2070/8
f 750/2056/52 752/2064/52 761/2069/52
f 756/2061/32 763/2067/32 753/2062/32
f 755/2052/59 749/2051/59 762/2071/59
f 755/2052/4 762/2071/4 763/2072/4 756/2058/4
f 752/2059/2 751/2055/2 764/2066/2 761/2073/2
f 757/2074/1 758/2075/1 762/2076/1 761/2077/1
f 758/2075/1 759/2078/1 763/2079/1 762/2076/1
f 760/2080/1 757/2074/1 761/2077/1 764/2081/1
f 759/2078/1 760/2080/1 764/2081/1 763/2079/1
f 758/2082/55 757/2083/55 765/2084/55
f 757/2083/56 760/2085/56 765/2084/56
f 760/2085/57 759/2086/57 765/2084/57
f 759/2086/54 758/2082/54 765/2084/54
f 767/2087/14 776/2088/14 777/2089/14 766/2090/14
f 769/2091/11 768/2092/11 781/2093/11 780/2094/11
f 773/2095/13 778/2096/13 779/2097/13 772/2098/13
f 770/2099/12 775/2100/12 774/2101/12 771/2102/12
f 783/2103/2 789/2104/2 791/2105/2 785/2106/2
f 797/2107/1 792/2108/1 795/2109/1 801/2110/1
f 1101/2111/3 789/2104/3 783/2103/3 1098/2112/3
f 1105/2113/5 799/2114/5 793/2115/5 1102/2116/5
f 783/2117/28 785/2118/28 786/2119/28 784/2120/28
f 782/2121/1 786/2122/1 785/2123/1
f 788/2124/10 794/2125/10 796/2126/10 790/2127/10
f 792/2128/1 787/2129/1 790/2127/1 796/2126/1
f 1099/2130/7 784/2131/7 798/2132/7 1104/2133/7
f 788/2134/29 790/2135/29 791/2136/29 789/2137/29
f 787/2138/1 791/2105/1 790/2139/1
f 799/2114/4 801/2110/4 795/2109/4 793/2115/4
f 792/2140/1 797/2141/1 782/2142/1 787/2143/1
f 793/2144/32 795/2145/32 796/2146/32 794/2147/32
f 792/2128/1 796/2126/1 795/2148/1
f 798/2132/8 784/2131/8 786/2122/8 800/2149/8
f 782/2121/1 797/2150/1 800/2149/1 786/2122/1
f 798/2151/30 800/2152/30 801/2153/30 799/2154/30
f 797/2107/1 801/2110/1 800/2155/1
f 1103/2156/9 794/2125/9 788/2124/9 1100/2157/9
f 787/2138/1 782/2158/1 785/2106/1 791/2105/1
f 803/2159/13 802/2160/13 813/2161/13 812/2162/13
f 805/2163/12 816/2164/12 817/2165/12 804/2166/12
f 809/2167/14 808/2168/14 815/2169/14 814/2170/14
f 806/2171/11 807/2172/11 810/2173/11 811/2174/11
f 826/2175/12 827/2176/12 829/2177/12 830/2178/12
f 833/2179/6 828/2180/6 831/2181/6 837/2182/6
f 836/2183/11 837/2184/11 819/2185/11 820/2186/11
f 818/2187/6 822/2188/6 821/2189/6
f 821/2190/13 822/2191/13 834/2192/13 835/2193/13
f 828/2194/6 823/2195/6 826/2196/6 832/2197/6
f 831/2198/14 832/2199/14 824/2200/14 825/2201/14
f 823/2195/6 827/2202/6 826/2196/6
f 827/2203/5 821/2190/5 835/2193/5 829/2204/5
f 828/2205/6 833/2206/6 818/2207/6 823/2208/6
f 832/2209/9 826/2175/9 830/2178/9 824/2210/9
f 828/2180/6 832/2211/6 831/2181/6
f 837/2212/3 831/2198/3 825/2201/3 819/2213/3
f 818/2214/6 833/2215/6 836/2216/6 822/2217/6
f 822/2218/7 836/2183/7 820/2186/7 834/2219/7
f 833/2215/6 837/2220/6 836/2216/6
f 823/2221/6 818/2187/6 821/2189/6 827/2222/6
f 834/2219/1 820/2186/1 839/2223/1 838/2224/1
f 819/2213/1 825/2201/1 840/2225/1 841/2226/1
f 824/2210/1 830/2178/1 842/2227/1 843/2228/1
f 829/2204/1 835/2193/1 844/2229/1 845/2230/1
f 819/2231/1 841/2232/1 839/2233/1 820/2234/1
f 824/2235/1 843/2236/1 840/2237/1 825/2238/1
f 829/2239/1 845/2240/1 842/2241/1 830/2242/1
f 835/2243/1 834/2244/1 838/2245/1 844/2246/1
f 844/2229/13 838/2247/13 846/2248/13 852/2249/13
f 840/2225/14 843/2250/14 851/2251/14 848/2252/14
f 838/2224/7 839/2223/7 847/2253/7 846/2254/7
f 845/2230/5 844/2229/5 852/2249/5 853/2255/5
f 841/2226/3 840/2225/3 848/2252/3 849/2256/3
f 842/2227/12 845/2257/12 853/2258/12 850/2259/12
f 839/2223/11 841/2260/11 849/2261/11 847/2253/11
f 843/2228/9 842/2227/9 850/2259/9 851/2262/9
f 848/2252/60 851/2251/60 861/2263/60
f 860/2264/10 861/2265/10 851/2262/10 850/2259/10
f 846/2254/8 847/2253/8 858/2266/8 859/2267/8
f 847/2253/61 849/2261/61 858/2266/61
f 853/2258/32 860/2264/32 850/2259/32
f 852/2249/30 846/2248/30 859/2268/30
f 852/2249/4 859/2268/4 860/2269/4 853/2255/4
f 849/2256/2 848/2252/2 861/2263/2 858/2270/2
f 854/2271/1 855/2272/1 859/2273/1 858/2274/1
f 855/2272/1 856/2275/1 860/2276/1 859/2273/1
f 857/2277/1 854/2271/1 858/2274/1 861/2278/1
f 856/2275/1 857/2277/1 861/2278/1 860/2276/1
f 855/2279/55 854/2280/55 862/2281/55
f 854/2280/56 857/2282/56 862/2281/56
f 857/2282/57 856/2283/57 862/2281/57
f 856/2283/54 855/2279/54 862/2281/54
f 864/2284/14 873/2285/14 874/2286/14 863/2287/14
f 866/2288/11 865/2289/11 878/2290/11 877/2291/11
f 870/2292/13 875/2293/13 876/2294/13 869/2295/13
f 867/2296/12 872/2297/12 871/2298/12 868/2299/12
f 880/2300/4 886/2301/4 888/2302/4 882/2303/4
f 894/2304/1 889/2305/1 892/2306/1 898/2307/1
f 1093/2308/5 886/2301/5 880/2300/5 1090/2309/5
f 1097/2310/3 896/2311/3 890/2312/3 1094/2313/3
f 880/2314/32 882/2315/32 883/2316/32 881/2317/32
f 879/2318/1 883/2319/1 882/2320/1
f 885/2321/8 891/2322/8 893/2323/8 887/2324/8
f 889/2325/1 884/2326/1 887/2324/1 893/2323/1
f 1091/2327/9 881/2328/9 895/2329/9 1096/2330/9
f 885/2331/30 887/2332/30 888/2333/30 886/2334/30
f 884/2335/1 888/2302/1 887/2336/1
f 896/2311/2 898/2307/2 892/2306/2 890/2312/2
f 889/2337/1 894/2338/1 879/2339/1 884/2340/1
f 890/2341/28 892/2342/28 893/2343/28 891/2344/28
f 889/2325/1 893/2323/1 892/2345/1
f 895/2329/10 881/2328/10 883/2319/10 897/2346/10
f 879/2318/1 894/2347/1 897/2346/1 883/2319/1
f 895/2348/60 897/2349/60 898/2350/60 896/2351/60
f 894/2304/1 898/2307/1 897/2352/1
f 1095/2353/7 891/2322/7 885/2321/7 1092/2354/7
f 884/2335/1 879/2355/1 882/2303/1 888/2302/1
f 900/2356/14 899/2357/14 910/2358/14 909/2359/14
f 902/2360/11 913/2361/11 914/2362/11 901/2363/11
f 906/2364/13 905/2365/13 912/2366/13 911/2367/13
f 903/2368/12 904/2369/12 907/2370/12 908/2371/12
f 923/2372/11 924/2373/11 926/2374/11 927/2375/11
f 930/2376/6 925/2377/6 928/2378/6 934/2379/6
f 933/2380/12 934/2381/12 916/2382/12 917/2383/12
f 915/2384/6 919/2385/6 918/2386/6
f 918/2387/14 919/2388/14 931/2389/14 932/2390/14
f 925/2391/6 920/2392/6 923/2393/6 929/2394/6
f 928/2395/13 929/2396/13 921/2397/13 922/2398/13
f 920/2392/6 924/2399/6 923/2393/6
f 924/2400/3 918/2387/3 932/2390/3 926/2401/3
f 925/2402/6 930/2403/6 915/2404/6 920/2405/6
f 929/2406/7 923/2372/7 927/2375/7 921/2407/7
f 925/2377/6 929/2408/6 928/2378/6
f 934/2409/5 928/2395/5 922/2398/5 916/2410/5
f 915/2411/6 930/2412/6 933/2413/6 919/2414/6
f 919/2415/9 933/2380/9 917/2383/9 931/2416/9
f 930/2412/6 934/2417/6 933/2413/6
f 920/2418/6 915/2384/6 918/2386/6 924/2419/6
f 931/2416/1 917/2383/1 936/2420/1 935/2421/1
f 916/2410/1 922/2398/1 937/2422/1 938/2423/1
f 921/2407/1 927/2375/1 939/2424/1 940/2425/1
f 926/2401/1 932/2390/1 941/2426/1 942/2427/1
f 916/2428/1 938/2429/1 936/2430/1 917/2431/1
f 921/2432/1 940/2433/1 937/2434/1 922/2435/1
f 926/2436/1 942/2437/1 939/2438/1 927/2439/1
f 932/2440/1 931/2441/1 935/2442/1 941/2443/1
f 941/2426/14 935/2444/14 943/2445/14 949/2446/14
f 937/2422/13 940/2447/13 948/2448/13 945/2449/13
f 935/2421/9 936/2420/9 944/2450/9 943/2451/9
f 942/2427/3 941/2426/3 949/2446/3 950/2452/3
f 938/2423/5 937/2422/5 945/2449/5 946/2453/5
f 939/2424/11 942/2454/11 950/2455/11 947/2456/11
f 936/2420/12 938/2457/12 946/2458/12 944/2450/12
f 940/2425/7 939/2424/7 947/2456/7 948/2459/7
f 945/2449/62 948/2448/62 958/2460/62
f 957/2461/8 958/2462/8 948/2459/8 947/2456/8
f 943/2451/10 944/2450/10 955/2463/10 956/2464/10
f 944/2450/63 946/2458/63 955/2463/63
f 950/2455/61 957/2461/61 947/2456/61
f 949/2446/35 943/2445/35 956/2465/35
f 949/2446/2 956/2465/2 957/2466/2 950/2452/2
f 946/2453/4 945/2449/4 958/2460/4 955/2467/4
f 951/2468/1 952/2469/1 956/2470/1 955/2471/1
f 952/2469/1 953/2472/1 957/2473/1 956/2470/1
f 954/2474/1 951/2468/1 955/2471/1 958/2475/1
f 953/2472/1 954/2474/1 958/2475/1 957/2473/1
f 952/2476/57 951/2477/57 959/2478/57
f 951/2477/54 954/2479/54 959/2478/54
f 954/2479/55 953/2480/55 959/2478/55
f 953/2480/56 952/2476/56 959/2478/56
f 961/2481/13 970/2482/13 971/2483/13 960/2484/13
f 963/2485/12 962/2486/12 975/2487/12 974/2488/12
f 967/2489/14 972/2490/14 973/2491/14 966/2492/14
f 964/2493/11 969/2494/11 968/2495/11 965/2496/11
f 987/2497/14 982/2498/14 983/2499/14 986/2500/14
f 984/2501/12 979/2502/12 978/2503/12 985/2504/12
f 988/2505/13 989/2506/13 976/2507/13 977/2508/13
f 990/2509/11 981/2510/11 980/2511/11 991/2512/11
f 998/2513/57 999/2514/57 992/2515/57
f 997/2516/56 998/2513/56 992/2515/56
f 1000/2517/55 997/2516/55 992/2515/55
f 999/2514/54 1000/2517/54 992/2515/54
f 998/2518/1 997/2519/1 993/2520/1 994/2521/1
f 997/2519/1 1000/2522/1 996/2523/1 993/2520/1
f 999/2524/1 998/2518/1 994/2521/1 995/2525/1
f 1000/2522/1 999/2524/1 995/2525/1 996/2523/1
f 1005/2526/8 1006/2527/8 993/2528/8 996/2529/8
f 1002/2530/10 995/2531/10 994/2532/10 1001/2533/10
f 1002/2530/58 1008/2534/58 995/2531/58
f 1001/2535/29 994/2536/29 1004/2537/29
f 1007/2538/36 1005/2539/36 996/2540/36
f 1008/2541/4 1007/2538/4 996/2540/4 995/2542/4
f 994/2536/2 993/2543/2 1003/2544/2 1004/2537/2
f 1006/2527/61 1003/2545/61 993/2528/61
f 1011/2546/3 1012/2547/3 1004/2537/3 1003/2544/3
f 1015/2548/13 1013/2549/13 1005/2539/13 1007/2538/13
f 1012/2547/14 1009/2550/14 1001/2535/14 1004/2537/14
f 1013/2551/7 1014/2552/7 1006/2527/7 1005/2526/7
f 1009/2553/9 1010/2554/9 1002/2530/9 1001/2533/9
f 1016/2555/5 1015/2548/5 1007/2538/5 1008/2541/5
f 1014/2552/11 1011/2556/11 1003/2545/11 1006/2527/11
f 1010/2554/12 1016/2557/12 1008/2534/12 1002/2530/12
f 1019/2558/1 1020/2559/1 1016/2560/1 1010/2561/1
f 1025/2562/1 1009/2563/1 1012/2564/1 1024/2565/1
f 1030/2566/1 1011/2567/1 1014/2568/1 1029/2569/1
f 1035/2570/1 1013/2571/1 1015/2572/1 1034/2573/1
f 1025/2574/1 1019/2575/1 1010/2554/1 1009/2553/1
f 1030/2576/1 1024/2577/1 1012/2547/1 1011/2546/1
f 1035/2578/1 1029/2579/1 1014/2552/1 1013/2551/1
f 1020/2580/1 1034/2581/1 1015/2548/1 1016/2555/1
f 1031/2582/6 1036/2583/6 1033/2584/6 1027/2585/6
f 1021/2586/6 1017/2587/6 1018/2588/6
f 1032/2589/5 1018/2590/5 1034/2581/5 1020/2580/5
f 1036/2591/6 1021/2586/6 1018/2588/6 1032/2592/6
f 1017/2593/7 1023/2594/7 1029/2579/7 1035/2578/7
f 1026/2595/6 1022/2596/6 1023/2597/6
f 1022/2598/3 1028/2599/3 1024/2577/3 1030/2576/3
f 1026/2600/6 1021/2601/6 1036/2602/6 1031/2603/6
f 1027/2604/9 1033/2605/9 1019/2575/9 1025/2574/9
f 1031/2606/6 1027/2607/6 1028/2608/6
f 1023/2594/11 1022/2609/11 1030/2610/11 1029/2579/11
f 1026/2611/6 1031/2606/6 1028/2608/6 1022/2612/6
f 1033/2605/12 1032/2613/12 1020/2614/12 1019/2575/12
f 1036/2583/6 1032/2615/6 1033/2584/6
f 1018/2590/13 1017/2616/13 1035/2617/13 1034/2581/13
f 1021/2618/6 1026/2595/6 1023/2597/6 1017/2619/6
f 1028/2599/14 1027/2620/14 1025/2621/14 1024/2577/14
f 1048/2622/13 1047/2623/13 1044/2624/13 1043/2625/13
f 1045/2626/11 1046/2627/11 1039/2628/11 1040/2629/11
f 1049/2630/14 1038/2631/14 1037/2632/14 1050/2633/14
f 1051/2634/12 1052/2635/12 1041/2636/12 1042/2637/12
f 1067/2638/1 1072/2639/1 1069/2640/1 1063/2641/1
f 1060/2642/3 1066/2643/3 1085/2644/3 1079/2645/3
f 1057/2646/1 1053/2647/1 1054/2648/1
f 1056/2649/64 1054/2650/64 1053/2651/64 1055/2652/64
f 1072/2653/1 1057/2654/1 1054/2655/1 1068/2656/1
f 1056/2657/4 1070/2658/4 1068/2656/4 1054/2655/4
f 1062/2659/1 1058/2660/1 1059/2661/1
f 1061/2662/60 1059/2663/60 1058/2664/60 1060/2665/60
f 1062/2666/1 1057/2667/1 1072/2668/1 1067/2669/1
f 1055/2670/10 1053/2647/10 1059/2671/10 1061/2672/10
f 1067/2638/1 1063/2641/1 1064/2673/1
f 1066/2674/28 1064/2675/28 1063/2676/28 1065/2677/28
f 1062/2659/1 1067/2678/1 1064/2679/1 1058/2660/1
f 1066/2643/2 1060/2642/2 1058/2660/2 1064/2679/2
f 1072/2653/1 1068/2656/1 1069/2680/1
f 1071/2681/30 1069/2682/30 1068/2683/30 1070/2684/30
f 1057/2646/1 1062/2685/1 1059/2671/1 1053/2647/1
f 1071/2686/8 1065/2687/8 1063/2641/8 1069/2640/8
f 1078/2688/3 1079/2689/3 1085/2690/3 1084/2691/3
f 1070/2658/5 1056/2657/5 1077/2692/5 1087/2693/5
f 1086/2694/5 1087/2695/5 1077/2696/5 1076/2697/5
f 1055/2670/9 1061/2672/9 1081/2698/9 1075/2699/9
f 1074/2700/9 1075/2701/9 1081/2702/9 1080/2703/9
f 1065/2687/7 1071/2686/7 1089/2704/7 1083/2705/7
f 1082/2706/7 1083/2707/7 1089/2708/7 1088/2709/7
f 1070/2658/13 1087/2693/13 1089/2710/13 1071/2711/13
f 1065/2687/11 1083/2705/11 1085/2712/11 1066/2713/11
f 1089/2714/13 1087/2695/13 1086/2694/13 1088/2715/13
f 1060/2642/14 1079/2645/14 1081/2716/14 1061/2717/14
f 1085/2718/11 1083/2707/11 1082/2706/11 1084/2719/11
f 1055/2670/12 1075/2699/12 1077/2720/12 1056/2721/12
f 1081/2722/14 1079/2689/14 1078/2688/14 1080/2723/14
f 1077/2724/12 1075/2701/12 1074/2700/12 1076/2725/12
f 1127/2726/7 1095/2727/7 1092/2728/7 1124/2729/7
f 895/2730/14 896/2311/14 1097/2310/14 1096/2731/14
f 890/2732/11 891/2322/11 1095/2353/11 1094/2733/11
f 1123/2734/9 1091/2735/9 1096/2736/9 1128/2737/9
f 885/2738/13 886/2301/13 1093/2308/13 1092/2739/13
f 1129/2740/3 1097/2741/3 1094/2742/3 1126/2743/3
f 880/2744/12 881/2328/12 1091/2327/12 1090/2745/12
f 1125/2746/5 1093/2747/5 1090/2748/5 1122/2749/5
f 1145/2750/9 1103/2751/9 1100/2752/9 1133/2753/9
f 798/2754/13 799/2114/13 1105/2113/13 1104/2755/13
f 793/2756/12 794/2125/12 1103/2156/12 1102/2757/12
f 1131/2758/7 1099/2759/7 1104/2760/7 1149/2761/7
f 788/2762/14 789/2104/14 1101/2111/14 1100/2763/14
f 1153/2764/5 1105/2765/5 1102/2766/5 1141/2767/5
f 783/2768/11 784/2131/11 1099/2130/11 1098/2769/11
f 1137/2770/3 1101/2771/3 1098/2772/3 1130/2773/3
f 1112/2774/3 1113/2775/3 1107/2776/3 1106/2777/3
f 702/1941/5 696/1942/5 1115/2778/5 1121/2779/5
f 1120/2780/5 1121/2781/5 1115/2782/5 1114/2783/5
f 687/1953/7 701/1952/7 1119/2784/7 1109/2785/7
f 1108/2786/7 1109/2787/7 1119/2788/7 1118/2789/7
f 697/1930/9 691/1929/9 1111/2790/9 1117/2791/9
f 1116/2792/9 1117/2793/9 1111/2794/9 1110/2795/9
f 701/2796/13 702/1941/13 1121/2779/13 1119/2797/13
f 696/2798/12 697/1930/12 1117/2791/12 1115/2799/12
f 1119/2800/13 1121/2781/13 1120/2780/13 1118/2801/13
f 691/2802/14 692/1913/14 1113/1921/14 1111/2803/14
f 1115/2804/12 1117/2793/12 1116/2792/12 1114/2805/12
f 686/2806/11 687/1953/11 1109/2785/11 1107/2807/11
f 1111/2808/14 1113/2775/14 1112/2774/14 1110/2809/14
f 1107/2810/11 1109/2787/11 1108/2786/11 1106/2811/11
f 1096/2812/14 1097/2741/14 1129/2740/14 1128/2813/14
f 1094/2814/11 1095/2727/11 1127/2726/11 1126/2815/11
f 1092/2816/13 1093/2747/13 1125/2746/13 1124/2817/13
f 1090/2818/12 1091/2735/12 1123/2734/12 1122/2819/12
f 1152/2820/11 1151/1453/11 1134/2821/11 1132/2822/11
f 1150/2823/14 1148/1432/14 1136/2824/14 1135/2825/14
f 1147/2826/12 1146/1480/12 1139/2827/12 1138/2828/12
f 1144/2829/13 1143/1434/13 1142/2830/13 1140/2831/13
f 1104/2832/13 1105/2765/13 1153/2764/13 1149/2833/13
f 1157/2834/3 1136/2824/3 1132/2835/3 1154/2836/3
f 1161/2837/5 1142/2830/5 1138/2838/5 1158/2839/5
f 1155/2840/7 1134/2821/7 1140/2841/7 1160/2842/7
f 1102/2843/12 1103/2751/12 1145/2750/12 1141/2844/12
f 1159/2845/9 1139/2827/9 1135/2846/9 1156/2847/9
f 1136/2824/3 1148/1432/3 1152/1433/3 1132/2835/3
f 466/2848/11 467/1454/11 1151/1453/11 1152/2820/11
f 1100/2849/14 1101/2771/14 1137/2770/14 1133/2850/14
f 1142/2830/5 1143/1434/5 1147/1437/5 1138/2838/5
f 471/2851/14 472/1425/14 1148/1432/14 1150/2823/14
f 1134/2821/7 1151/1453/7 1144/1456/7 1140/2841/7
f 1098/2852/11 1099/2759/11 1131/2758/11 1130/2853/11
f 476/2854/12 477/1446/12 1146/1480/12 1147/2826/12
f 481/2855/13 482/1435/13 1143/1434/13 1144/2829/13
f 1139/2827/9 1146/1480/9 1150/1481/9 1135/2846/9
f 1140/2831/13 1142/2830/13 1161/2837/13 1160/2856/13
f 1138/2828/12 1139/2827/12 1159/2845/12 1158/2857/12
f 1135/2825/14 1136/2824/14 1157/2834/14 1156/2858/14
f 1132/2822/11 1134/2821/11 1155/2840/11 1154/2859/11
