# Blender v2.80 (sub 75) OBJ File: 'chem devices.blend'
# www.blender.org
mtllib mirror_labyrinth_body.mtl
o MIRROR_LABYRINTH_BODY_Plane.020
v 1.028109 0.687500 -0.718750
v 0.965609 0.625000 -0.307138
v 1.556218 0.937500 -0.062500
v 1.028109 0.937500 -0.281250
v 1.556218 0.437500 -0.062500
v 0.062500 0.437500 1.500000
v 0.937500 0.437500 1.500000
v 0.937500 0.437500 1.000000
v 0.062500 0.437500 1.000000
v 0.062500 0.000000 1.500000
v 1.556218 0.437500 -0.937500
v 1.500000 0.437500 -0.914214
v 1.500000 0.437500 -0.085787
v 2.000000 0.187500 0.121320
v 0.937500 0.000000 1.500000
v 2.000000 0.437500 0.121320
v 0.937500 0.000000 1.000000
v 0.062500 0.000000 1.000000
v 2.062500 0.125000 0.147209
v 2.062500 0.000000 0.147209
v 2.062500 0.000000 -1.147209
v -1.062500 0.000000 -1.147209
v -0.147209 0.000000 -2.062500
v 0.500000 -0.000000 -0.500000
v 0.281629 -0.000000 2.029911
v 1.028488 1.000000 1.720551
v 1.028488 1.000000 1.283051
v 0.281629 1.000000 2.029911
v 0.719129 1.000000 2.029911
v 0.719128 1.000000 0.973692
v 0.281628 1.000000 0.973692
v -0.027731 1.000000 1.283052
v -0.027730 1.000000 1.720552
v 0.965988 1.000000 1.694663
v 0.307517 1.000000 1.967411
v 0.307517 1.000000 1.036192
v 0.034770 1.000000 1.694664
v 0.281629 0.500000 2.029911
v 1.028488 0.500000 1.720551
v 0.281628 0.500000 0.973692
v -0.027731 0.500000 1.283052
v -0.027730 0.500000 1.720552
v 1.028488 0.500000 1.283051
v 0.719128 0.500000 0.973692
v 0.719129 -0.000000 2.029911
v 0.719129 0.500000 2.029911
v -0.027730 0.000000 1.720552
v 1.028488 0.000000 1.720551
v 0.062500 0.000000 1.062500
v 0.937500 0.000000 1.062500
v 0.537910 1.000000 1.411192
v 0.462847 1.000000 1.411192
v 0.409769 1.000000 1.464270
v 0.409769 1.000000 1.539333
v 0.462847 1.000000 1.592411
v 0.537910 1.000000 1.592411
v 0.590988 1.000000 1.539333
v 0.590988 1.000000 1.464270
v 0.034769 1.000000 1.308940
v 0.693240 1.000000 1.036192
v 0.693240 1.000000 1.967411
v 0.965988 1.000000 1.308939
v 0.097269 1.062500 1.334828
v 0.097269 1.062500 1.668775
v 0.667352 1.062500 1.098692
v 0.333405 1.062500 1.098692
v 0.333405 1.062500 1.904911
v 0.667352 1.062500 1.904911
v 0.903488 1.062500 1.668775
v 0.903488 1.062500 1.334828
v 0.347269 1.062500 1.438382
v 0.347269 1.062500 1.565222
v 0.563798 1.062500 1.348692
v 0.436959 1.062500 1.348692
v 0.436959 1.062500 1.654911
v 0.563799 1.062500 1.654911
v 0.653488 1.062500 1.565221
v 0.653488 1.062500 1.438381
v 0.500378 1.000000 1.501801
v -0.027731 -0.000000 1.283052
v 1.028488 -0.000000 1.283051
v 0.281628 -0.000000 0.973692
v -0.027731 -0.000000 1.283052
v 1.028488 -0.000000 1.283051
v 0.719128 -0.000000 0.973692
v 0.937500 0.000000 1.192064
v 0.062500 0.000000 1.192821
v 0.937500 0.000000 1.283051
v 0.062500 0.000000 1.283052
v 0.312500 0.437500 1.000000
v 0.312500 0.812500 1.000000
v 0.312500 0.437500 0.500000
v 0.312500 0.812500 0.500000
v 0.687500 0.437500 1.000000
v 0.687500 0.812500 1.000000
v 0.687500 0.437500 0.500000
v 0.687500 0.812500 0.500000
v 0.375000 0.875000 1.000000
v 0.375000 0.875000 0.500000
v 0.625000 0.875000 0.500000
v 0.625000 0.875000 1.000000
v 1.493718 1.000000 -0.088389
v 1.215609 1.000000 -0.796415
v 1.292164 0.968750 -0.171875
v 0.255361 1.000000 -1.090609
v 0.744638 1.000000 -1.090609
v 0.718750 0.687500 -1.028109
v 0.692861 0.625000 -0.965609
v 0.062500 0.937500 -1.556218
v 0.937500 0.937500 -1.556218
v 0.281250 0.937500 -1.028109
v 0.718750 0.937500 -1.028109
v 0.859835 1.000000 -1.368718
v 0.937500 0.437500 -1.556218
v 0.914213 0.437500 -1.500000
v -0.121320 0.437500 -2.000000
v -0.121320 0.187500 -2.000000
v 1.147209 0.125000 -2.062500
v -0.147209 0.125000 -2.062500
v 1.147209 0.000000 -2.062500
v 0.088388 1.000000 -1.493718
v 0.911611 1.000000 -1.493718
v 0.796415 1.000000 -1.215609
v 0.828125 0.968750 -1.292164
v -0.090609 1.000000 -0.255361
v -0.028109 0.687500 -0.281250
v 0.034391 0.625000 -0.307138
v 0.034391 0.625000 -0.692861
v -0.556218 0.937500 -0.062500
v -0.028109 0.937500 -0.281250
v -0.556218 0.437500 -0.937500
v -0.556218 0.437500 -0.062500
v -0.500000 0.437500 -0.085786
v -0.500000 0.437500 -0.914213
v -1.000000 0.437500 -1.121320
v -1.000000 0.187500 0.121320
v -1.062500 0.125000 0.147209
v -1.062500 0.000000 0.147209
v -0.493718 1.000000 -0.088388
v -0.215609 1.000000 -0.203585
v -0.292164 0.968750 -0.171875
v -0.292164 0.968750 -0.828125
v 0.718750 0.687500 0.028109
v 0.281250 0.687500 0.028109
v 0.692862 0.625000 -0.034391
v 0.859835 1.000000 0.368718
v 0.140165 1.000000 0.368718
v 0.937500 0.437500 0.556218
v 0.914214 0.437500 0.500000
v 1.121320 0.187500 1.000000
v 0.796415 1.000000 0.215609
v 0.828125 0.968750 0.292164
v 1.090609 1.000000 -0.744638
v 0.965609 0.625000 -0.692862
v 1.556218 0.937500 -0.937500
v 1.028109 0.937500 -0.718750
v 1.368718 1.000000 -0.859835
v 1.121320 0.437500 -2.000000
v 2.000000 0.187500 -1.121320
v 2.000000 0.437500 -1.121320
v 1.121320 0.187500 -2.000000
v 2.062500 0.125000 -1.147208
v 1.493718 1.000000 -0.911612
v 1.292164 0.968750 -0.828125
v -0.090609 1.000000 -0.744638
v -0.028109 0.687500 -0.718750
v 0.281250 0.687500 -1.028109
v 0.307138 0.625000 -0.965609
v -0.556219 0.937500 -0.937500
v -0.028109 0.937500 -0.718750
v -0.368719 1.000000 -0.859835
v 0.140165 1.000000 -1.368718
v 0.062500 0.437500 -1.556218
v 0.085786 0.437500 -1.500000
v -1.000000 0.187500 -1.121320
v -1.062500 0.125000 -1.147209
v -0.493719 1.000000 -0.911611
v -0.215609 1.000000 -0.796415
v 0.203585 1.000000 -1.215609
v 0.171875 0.968750 -1.292164
v 0.255362 1.000000 0.090609
v 0.307139 0.625000 -0.034391
v 0.062500 0.937500 0.556219
v 0.281250 0.937500 0.028109
v -0.368718 1.000000 -0.140165
v 0.062500 0.437500 0.556218
v 0.085787 0.437500 0.500000
v -0.121320 0.437500 1.000000
v -1.000000 0.437500 0.121320
v -0.121320 0.187500 1.000000
v -0.147209 0.125000 1.062500
v -0.147209 0.000000 1.062500
v 0.088389 1.000000 0.493719
v 0.203585 1.000000 0.215609
v 0.171875 0.968750 0.292164
v 1.090609 1.000000 -0.255362
v 1.028109 0.687500 -0.281250
v 0.744638 1.000000 0.090609
v 0.937500 0.937500 0.556218
v 0.718750 0.937500 0.028109
v 1.368719 1.000000 -0.140165
v 1.121320 0.437500 1.000000
v 1.147209 0.125000 1.062500
v 1.147209 0.000000 1.062500
v 0.911612 1.000000 0.493718
v 1.215609 1.000000 -0.203585
v 0.312500 0.437500 1.500000
v 0.312500 0.437500 1.000000
v 0.687500 0.437500 1.500000
v 0.687500 0.437500 1.000000
v -0.750000 0.875000 -0.718750
v -0.750000 0.875000 -0.781250
v -0.810250 0.875000 -0.718750
v -0.810250 0.875000 -0.781250
v -0.810250 0.562500 -0.781250
v -0.750000 0.562500 -0.718750
v -0.750000 0.562500 -0.781250
v -0.810250 0.562500 -0.718750
v -0.719875 0.500000 -0.812500
v -0.840375 0.500000 -0.812500
v -0.840375 0.500000 -0.687500
v -0.719875 0.500000 -0.687500
v -0.719875 0.437500 -0.812500
v -0.840375 0.437500 -0.812500
v -0.840375 0.437500 -0.687500
v -0.719875 0.437500 -0.687500
v -0.549119 0.722937 -0.812500
v -0.486619 0.831190 -0.812500
v -0.549119 0.722937 -0.687500
v -0.486619 0.831190 -0.687500
v -0.695873 0.843750 -0.781250
v -0.664623 0.897877 -0.781250
v -0.695873 0.843750 -0.718750
v -0.664623 0.897877 -0.718750
v -0.594872 0.893690 -0.687500
v -0.657372 0.785437 -0.687500
v -0.657372 0.785437 -0.812500
v -0.594872 0.893690 -0.812500
v -0.827003 0.991627 -0.718750
v -0.858253 0.937500 -0.718750
v -0.858253 0.937500 -0.781250
v -0.827003 0.991627 -0.781250
v -0.810250 0.909785 -0.781250
v -0.810250 0.909785 -0.718750
v -0.865505 1.049940 -0.687500
v -0.928005 0.941687 -0.687500
v -0.928005 0.941687 -0.812500
v -0.865505 1.049940 -0.812500
v -0.881130 1.022877 -0.718750
v -0.912380 0.968750 -0.718750
v -0.912380 0.968750 -0.781250
v -0.881130 1.022877 -0.781250
v -0.989383 1.085377 -0.718750
v -1.020633 1.031250 -0.718750
v -1.020633 1.031250 -0.781250
v -0.989383 1.085377 -0.781250
v -1.059135 1.089563 -0.750000
v -0.750000 0.875000 -0.218750
v -0.750000 0.875000 -0.281250
v -0.810250 0.875000 -0.218750
v -0.810250 0.875000 -0.281250
v -0.810250 0.562500 -0.281250
v -0.750000 0.562500 -0.218750
v -0.750000 0.562500 -0.281250
v -0.810250 0.562500 -0.218750
v -0.719875 0.500000 -0.312500
v -0.840375 0.500000 -0.312500
v -0.840375 0.500000 -0.187500
v -0.719875 0.500000 -0.187500
v -0.719875 0.437500 -0.312500
v -0.840375 0.437500 -0.312500
v -0.840375 0.437500 -0.187500
v -0.719875 0.437500 -0.187500
v -0.549119 0.722937 -0.312500
v -0.486619 0.831190 -0.312500
v -0.549119 0.722937 -0.187500
v -0.486619 0.831190 -0.187500
v -0.695873 0.843750 -0.281250
v -0.664623 0.897877 -0.281250
v -0.695873 0.843750 -0.218750
v -0.664623 0.897877 -0.218750
v -0.594872 0.893690 -0.187500
v -0.657372 0.785437 -0.187500
v -0.657372 0.785437 -0.312500
v -0.594872 0.893690 -0.312500
v -0.827003 0.991627 -0.218750
v -0.858253 0.937500 -0.218750
v -0.858253 0.937500 -0.281250
v -0.827003 0.991627 -0.281250
v -0.810250 0.909785 -0.281250
v -0.810250 0.909785 -0.218750
v -0.865505 1.049940 -0.187500
v -0.928005 0.941687 -0.187500
v -0.928005 0.941687 -0.312500
v -0.865505 1.049940 -0.312500
v -0.881130 1.022877 -0.218750
v -0.912380 0.968750 -0.218750
v -0.912380 0.968750 -0.281250
v -0.881130 1.022877 -0.281250
v -0.989383 1.085377 -0.218750
v -1.020633 1.031250 -0.218750
v -1.020633 1.031250 -0.281250
v -0.989383 1.085377 -0.281250
v -1.059134 1.089563 -0.250000
v -0.538563 0.875000 0.229204
v -0.582757 0.875000 0.185010
v -0.581166 0.875000 0.271807
v -0.625360 0.875000 0.227613
v -0.625360 0.562500 0.227613
v -0.538563 0.562500 0.229204
v -0.582757 0.562500 0.185010
v -0.581166 0.562500 0.271807
v -0.583553 0.500000 0.141611
v -0.668759 0.500000 0.226817
v -0.580371 0.500000 0.315206
v -0.495164 0.500000 0.229999
v -0.583553 0.437500 0.141611
v -0.668759 0.437500 0.226817
v -0.580371 0.437500 0.315206
v -0.495164 0.437500 0.229999
v -0.462810 0.722937 0.020868
v -0.418616 0.831190 -0.023326
v -0.374421 0.722937 0.109256
v -0.330227 0.831190 0.065062
v -0.544484 0.843750 0.146736
v -0.522387 0.897877 0.124639
v -0.500290 0.843750 0.190931
v -0.478193 0.897877 0.168833
v -0.406774 0.893690 0.141609
v -0.450968 0.785437 0.185803
v -0.539356 0.785437 0.097415
v -0.495162 0.893690 0.053220
v -0.593013 0.991627 0.283653
v -0.615110 0.937500 0.305750
v -0.659304 0.937500 0.261556
v -0.637207 0.991627 0.239459
v -0.625360 0.909785 0.227613
v -0.581166 0.909785 0.271807
v -0.598140 1.049940 0.332975
v -0.642334 0.941687 0.377169
v -0.730723 0.941687 0.288781
v -0.686529 1.049940 0.244587
v -0.631286 1.022877 0.321927
v -0.653383 0.968750 0.344024
v -0.697577 0.968750 0.299829
v -0.675480 1.022877 0.277732
v -0.707832 1.085377 0.398473
v -0.729929 1.031250 0.420570
v -0.774124 1.031250 0.376376
v -0.752027 1.085377 0.354279
v -0.779251 1.089563 0.425698
v -0.185010 0.875000 0.582757
v -0.229204 0.875000 0.538563
v -0.227613 0.875000 0.625360
v -0.271807 0.875000 0.581166
v -0.271807 0.562500 0.581166
v -0.185010 0.562500 0.582757
v -0.229204 0.562500 0.538563
v -0.227613 0.562500 0.625360
v -0.229999 0.500000 0.495164
v -0.315206 0.500000 0.580371
v -0.226817 0.500000 0.668759
v -0.141611 0.500000 0.583553
v -0.229999 0.437500 0.495164
v -0.315206 0.437500 0.580371
v -0.226817 0.437500 0.668759
v -0.141611 0.437500 0.583553
v -0.109257 0.722937 0.374421
v -0.065062 0.831190 0.330227
v -0.020868 0.722937 0.462810
v 0.023326 0.831190 0.418616
v -0.190931 0.843750 0.500290
v -0.168834 0.897877 0.478193
v -0.146737 0.843750 0.544484
v -0.124639 0.897877 0.522387
v -0.053220 0.893690 0.495162
v -0.097415 0.785437 0.539356
v -0.185803 0.785437 0.450968
v -0.141609 0.893690 0.406774
v -0.239459 0.991627 0.637207
v -0.261556 0.937500 0.659304
v -0.305750 0.937500 0.615110
v -0.283653 0.991627 0.593013
v -0.271807 0.909785 0.581166
v -0.227613 0.909785 0.625360
v -0.244587 1.049940 0.686529
v -0.288781 0.941687 0.730723
v -0.377169 0.941687 0.642334
v -0.332975 1.049940 0.598140
v -0.277732 1.022877 0.675480
v -0.299830 0.968750 0.697577
v -0.344024 0.968750 0.653383
v -0.321927 1.022877 0.631286
v -0.354279 1.085377 0.752027
v -0.376376 1.031250 0.774124
v -0.420570 1.031250 0.729930
v -0.398473 1.085377 0.707832
v -0.425698 1.089563 0.779251
v 0.718750 0.875000 -1.750000
v 0.781250 0.875000 -1.750000
v 0.718750 0.875000 -1.810250
v 0.781250 0.875000 -1.810250
v 0.781250 0.562500 -1.810250
v 0.718750 0.562500 -1.750000
v 0.781250 0.562500 -1.750000
v 0.718750 0.562500 -1.810250
v 0.812500 0.500000 -1.719875
v 0.812500 0.500000 -1.840375
v 0.687500 0.500000 -1.840375
v 0.687500 0.500000 -1.719875
v 0.812500 0.437500 -1.719875
v 0.812500 0.437500 -1.840375
v 0.687500 0.437500 -1.840375
v 0.687500 0.437500 -1.719875
v 0.812500 0.722937 -1.549119
v 0.812500 0.831190 -1.486619
v 0.687500 0.722937 -1.549119
v 0.687500 0.831190 -1.486619
v 0.781250 0.843750 -1.695873
v 0.781250 0.897877 -1.664623
v 0.718750 0.843750 -1.695873
v 0.718750 0.897877 -1.664623
v 0.687500 0.893690 -1.594872
v 0.687500 0.785437 -1.657372
v 0.812500 0.785437 -1.657372
v 0.812500 0.893690 -1.594872
v 0.718750 0.991627 -1.827003
v 0.718750 0.937500 -1.858253
v 0.781250 0.937500 -1.858253
v 0.781250 0.991627 -1.827003
v 0.781250 0.909785 -1.810250
v 0.718750 0.909785 -1.810250
v 0.687500 1.049940 -1.865505
v 0.687500 0.941687 -1.928005
v 0.812500 0.941687 -1.928005
v 0.812500 1.049940 -1.865505
v 0.718750 1.022877 -1.881130
v 0.718750 0.968750 -1.912380
v 0.781250 0.968750 -1.912380
v 0.781250 1.022877 -1.881130
v 0.718750 1.085377 -1.989383
v 0.718750 1.031250 -2.020633
v 0.781250 1.031250 -2.020633
v 0.781250 1.085377 -1.989383
v 0.750000 1.089563 -2.059134
v 0.218750 0.875000 -1.750000
v 0.281250 0.875000 -1.750000
v 0.218750 0.875000 -1.810250
v 0.281250 0.875000 -1.810250
v 0.281250 0.562500 -1.810250
v 0.218750 0.562500 -1.750000
v 0.281250 0.562500 -1.750000
v 0.218750 0.562500 -1.810250
v 0.312500 0.500000 -1.719875
v 0.312500 0.500000 -1.840375
v 0.187500 0.500000 -1.840375
v 0.187500 0.500000 -1.719875
v 0.312500 0.437500 -1.719875
v 0.312500 0.437500 -1.840375
v 0.187500 0.437500 -1.840375
v 0.187500 0.437500 -1.719875
v 0.312500 0.722937 -1.549119
v 0.312500 0.831190 -1.486619
v 0.187500 0.722937 -1.549119
v 0.187500 0.831190 -1.486619
v 0.281250 0.843750 -1.695873
v 0.281250 0.897877 -1.664623
v 0.218750 0.843750 -1.695873
v 0.218750 0.897877 -1.664623
v 0.187500 0.893690 -1.594872
v 0.187500 0.785437 -1.657372
v 0.312500 0.785437 -1.657372
v 0.312500 0.893690 -1.594872
v 0.218750 0.991627 -1.827003
v 0.218750 0.937500 -1.858253
v 0.281250 0.937500 -1.858253
v 0.281250 0.991627 -1.827003
v 0.281250 0.909785 -1.810250
v 0.218750 0.909785 -1.810250
v 0.187500 1.049940 -1.865505
v 0.187500 0.941687 -1.928005
v 0.312500 0.941687 -1.928005
v 0.312500 1.049940 -1.865505
v 0.218750 1.022877 -1.881130
v 0.218750 0.968750 -1.912380
v 0.281250 0.968750 -1.912380
v 0.281250 1.022877 -1.881130
v 0.218750 1.085377 -1.989383
v 0.218750 1.031250 -2.020633
v 0.281250 1.031250 -2.020633
v 0.281250 1.085377 -1.989383
v 0.250000 1.089563 -2.059134
v -0.229204 0.875000 -1.538563
v -0.185010 0.875000 -1.582757
v -0.271807 0.875000 -1.581166
v -0.227613 0.875000 -1.625360
v -0.227613 0.562500 -1.625360
v -0.229204 0.562500 -1.538563
v -0.185010 0.562500 -1.582757
v -0.271807 0.562500 -1.581166
v -0.141611 0.500000 -1.583553
v -0.226817 0.500000 -1.668759
v -0.315206 0.500000 -1.580371
v -0.229999 0.500000 -1.495164
v -0.141611 0.437500 -1.583553
v -0.226817 0.437500 -1.668759
v -0.315206 0.437500 -1.580371
v -0.229999 0.437500 -1.495164
v -0.020868 0.722937 -1.462810
v 0.023326 0.831190 -1.418616
v -0.109256 0.722937 -1.374421
v -0.065062 0.831190 -1.330227
v -0.146736 0.843750 -1.544484
v -0.124639 0.897877 -1.522387
v -0.190931 0.843750 -1.500290
v -0.168833 0.897877 -1.478193
v -0.141609 0.893690 -1.406774
v -0.185803 0.785437 -1.450968
v -0.097415 0.785437 -1.539356
v -0.053220 0.893690 -1.495162
v -0.283653 0.991627 -1.593013
v -0.305750 0.937500 -1.615110
v -0.261556 0.937500 -1.659304
v -0.239459 0.991627 -1.637207
v -0.227613 0.909785 -1.625360
v -0.271807 0.909785 -1.581166
v -0.332975 1.049940 -1.598140
v -0.377169 0.941687 -1.642334
v -0.288781 0.941687 -1.730723
v -0.244587 1.049940 -1.686528
v -0.321927 1.022877 -1.631286
v -0.344024 0.968750 -1.653383
v -0.299829 0.968750 -1.697577
v -0.277732 1.022877 -1.675480
v -0.398473 1.085377 -1.707832
v -0.420570 1.031250 -1.729929
v -0.376376 1.031250 -1.774124
v -0.354279 1.085377 -1.752027
v -0.425698 1.089563 -1.779251
v -0.582757 0.875000 -1.185010
v -0.538563 0.875000 -1.229204
v -0.625360 0.875000 -1.227613
v -0.581166 0.875000 -1.271807
v -0.581166 0.562500 -1.271807
v -0.582757 0.562500 -1.185010
v -0.538563 0.562500 -1.229204
v -0.625360 0.562500 -1.227613
v -0.495164 0.500000 -1.229999
v -0.580371 0.500000 -1.315206
v -0.668759 0.500000 -1.226817
v -0.583553 0.500000 -1.141611
v -0.495164 0.437500 -1.229999
v -0.580371 0.437500 -1.315206
v -0.668759 0.437500 -1.226817
v -0.583553 0.437500 -1.141611
v -0.374421 0.722937 -1.109257
v -0.330227 0.831190 -1.065062
v -0.462810 0.722937 -1.020868
v -0.418616 0.831190 -0.976674
v -0.500290 0.843750 -1.190931
v -0.478193 0.897877 -1.168833
v -0.544484 0.843750 -1.146737
v -0.522387 0.897877 -1.124639
v -0.495162 0.893690 -1.053221
v -0.539356 0.785437 -1.097415
v -0.450968 0.785437 -1.185803
v -0.406774 0.893690 -1.141609
v -0.637207 0.991627 -1.239459
v -0.659304 0.937500 -1.261556
v -0.615110 0.937500 -1.305750
v -0.593013 0.991627 -1.283653
v -0.581166 0.909785 -1.271807
v -0.625360 0.909785 -1.227613
v -0.686529 1.049940 -1.244587
v -0.730723 0.941687 -1.288781
v -0.642334 0.941687 -1.377169
v -0.598140 1.049940 -1.332975
v -0.675480 1.022877 -1.277733
v -0.697577 0.968750 -1.299830
v -0.653383 0.968750 -1.344024
v -0.631286 1.022877 -1.321927
v -0.752027 1.085377 -1.354279
v -0.774124 1.031250 -1.376376
v -0.729930 1.031250 -1.420570
v -0.707832 1.085377 -1.398473
v -0.779251 1.089563 -1.425698
v 1.750000 0.875000 -0.281250
v 1.750000 0.875000 -0.218750
v 1.810250 0.875000 -0.281250
v 1.810250 0.875000 -0.218750
v 1.810250 0.562500 -0.218750
v 1.750000 0.562500 -0.281250
v 1.750000 0.562500 -0.218750
v 1.810250 0.562500 -0.281250
v 1.719875 0.500000 -0.187500
v 1.840375 0.500000 -0.187500
v 1.840375 0.500000 -0.312500
v 1.719875 0.500000 -0.312500
v 1.719875 0.437500 -0.187500
v 1.840375 0.437500 -0.187500
v 1.840375 0.437500 -0.312500
v 1.719875 0.437500 -0.312500
v 1.549119 0.722937 -0.187500
v 1.486619 0.831190 -0.187500
v 1.549119 0.722937 -0.312500
v 1.486619 0.831190 -0.312500
v 1.695873 0.843750 -0.218750
v 1.664623 0.897877 -0.218750
v 1.695873 0.843750 -0.281250
v 1.664623 0.897877 -0.281250
v 1.594872 0.893690 -0.312500
v 1.657372 0.785437 -0.312500
v 1.657372 0.785437 -0.187500
v 1.594872 0.893690 -0.187500
v 1.827003 0.991627 -0.281250
v 1.858253 0.937500 -0.281250
v 1.858253 0.937500 -0.218750
v 1.827003 0.991627 -0.218750
v 1.810250 0.909785 -0.218750
v 1.810250 0.909785 -0.281250
v 1.865505 1.049940 -0.312500
v 1.928005 0.941687 -0.312500
v 1.928005 0.941687 -0.187500
v 1.865505 1.049940 -0.187500
v 1.881130 1.022877 -0.281250
v 1.912380 0.968750 -0.281250
v 1.912380 0.968750 -0.218750
v 1.881130 1.022877 -0.218750
v 1.989383 1.085377 -0.281250
v 2.020633 1.031250 -0.281250
v 2.020633 1.031250 -0.218750
v 1.989383 1.085377 -0.218750
v 2.059134 1.089563 -0.250000
v 1.750000 0.875000 -0.781250
v 1.750000 0.875000 -0.718750
v 1.810250 0.875000 -0.781250
v 1.810250 0.875000 -0.718750
v 1.810250 0.562500 -0.718750
v 1.750000 0.562500 -0.781250
v 1.750000 0.562500 -0.718750
v 1.810250 0.562500 -0.781250
v 1.719875 0.500000 -0.687500
v 1.840375 0.500000 -0.687500
v 1.840375 0.500000 -0.812500
v 1.719875 0.500000 -0.812500
v 1.719875 0.437500 -0.687500
v 1.840375 0.437500 -0.687500
v 1.840375 0.437500 -0.812500
v 1.719875 0.437500 -0.812500
v 1.549119 0.722937 -0.687500
v 1.486619 0.831190 -0.687500
v 1.549119 0.722937 -0.812500
v 1.486619 0.831190 -0.812500
v 1.695873 0.843750 -0.718750
v 1.664623 0.897877 -0.718750
v 1.695873 0.843750 -0.781250
v 1.664623 0.897877 -0.781250
v 1.594872 0.893690 -0.812500
v 1.657372 0.785437 -0.812500
v 1.657372 0.785437 -0.687500
v 1.594872 0.893690 -0.687500
v 1.827003 0.991627 -0.781250
v 1.858253 0.937500 -0.781250
v 1.858253 0.937500 -0.718750
v 1.827003 0.991627 -0.718750
v 1.810250 0.909785 -0.718750
v 1.810250 0.909785 -0.781250
v 1.865505 1.049940 -0.812500
v 1.928005 0.941687 -0.812500
v 1.928005 0.941687 -0.687500
v 1.865505 1.049940 -0.687500
v 1.881130 1.022877 -0.781250
v 1.912380 0.968750 -0.781250
v 1.912380 0.968750 -0.718750
v 1.881130 1.022877 -0.718750
v 1.989383 1.085377 -0.781250
v 2.020633 1.031250 -0.781250
v 2.020633 1.031250 -0.718750
v 1.989383 1.085377 -0.718750
v 2.059134 1.089563 -0.750000
v 1.538563 0.875000 -1.229204
v 1.582757 0.875000 -1.185009
v 1.581166 0.875000 -1.271807
v 1.625360 0.875000 -1.227613
v 1.625360 0.562500 -1.227613
v 1.538563 0.562500 -1.229204
v 1.582757 0.562500 -1.185009
v 1.581166 0.562500 -1.271807
v 1.583553 0.500000 -1.141611
v 1.668759 0.500000 -1.226817
v 1.580371 0.500000 -1.315206
v 1.495165 0.500000 -1.229999
v 1.583553 0.437500 -1.141611
v 1.668759 0.437500 -1.226817
v 1.580371 0.437500 -1.315206
v 1.495165 0.437500 -1.229999
v 1.462810 0.722937 -1.020868
v 1.418616 0.831190 -0.976674
v 1.374421 0.722937 -1.109256
v 1.330227 0.831190 -1.065062
v 1.544484 0.843750 -1.146736
v 1.522387 0.897877 -1.124639
v 1.500290 0.843750 -1.190930
v 1.478193 0.897877 -1.168833
v 1.406774 0.893690 -1.141609
v 1.450968 0.785437 -1.185803
v 1.539356 0.785437 -1.097414
v 1.495162 0.893690 -1.053220
v 1.593013 0.991627 -1.283653
v 1.615110 0.937500 -1.305750
v 1.659304 0.937500 -1.261556
v 1.637207 0.991627 -1.239459
v 1.625360 0.909785 -1.227613
v 1.581166 0.909785 -1.271807
v 1.598140 1.049940 -1.332975
v 1.642334 0.941687 -1.377169
v 1.730723 0.941687 -1.288781
v 1.686529 1.049940 -1.244587
v 1.631286 1.022877 -1.321926
v 1.653383 0.968750 -1.344024
v 1.697577 0.968750 -1.299829
v 1.675480 1.022877 -1.277732
v 1.707832 1.085377 -1.398473
v 1.729929 1.031250 -1.420570
v 1.774124 1.031250 -1.376376
v 1.752027 1.085377 -1.354279
v 1.779251 1.089563 -1.425698
v 1.185010 0.875000 -1.582757
v 1.229204 0.875000 -1.538563
v 1.227613 0.875000 -1.625360
v 1.271807 0.875000 -1.581166
v 1.271807 0.562500 -1.581166
v 1.185010 0.562500 -1.582757
v 1.229204 0.562500 -1.538563
v 1.227613 0.562500 -1.625360
v 1.229999 0.500000 -1.495164
v 1.315206 0.500000 -1.580371
v 1.226817 0.500000 -1.668759
v 1.141611 0.500000 -1.583553
v 1.229999 0.437500 -1.495164
v 1.315206 0.437500 -1.580371
v 1.226817 0.437500 -1.668759
v 1.141611 0.437500 -1.583553
v 1.109257 0.722937 -1.374421
v 1.065062 0.831190 -1.330227
v 1.020868 0.722937 -1.462810
v 0.976674 0.831190 -1.418616
v 1.190931 0.843750 -1.500290
v 1.168834 0.897877 -1.478193
v 1.146737 0.843750 -1.544484
v 1.124639 0.897877 -1.522387
v 1.053221 0.893690 -1.495162
v 1.097415 0.785437 -1.539356
v 1.185803 0.785437 -1.450968
v 1.141609 0.893690 -1.406774
v 1.239459 0.991627 -1.637207
v 1.261557 0.937500 -1.659304
v 1.305750 0.937500 -1.615110
v 1.283653 0.991627 -1.593012
v 1.271807 0.909785 -1.581166
v 1.227613 0.909785 -1.625360
v 1.244587 1.049940 -1.686529
v 1.288781 0.941687 -1.730723
v 1.377170 0.941687 -1.642334
v 1.332975 1.049940 -1.598140
v 1.277733 1.022877 -1.675480
v 1.299830 0.968750 -1.697577
v 1.344024 0.968750 -1.653383
v 1.321927 1.022877 -1.631286
v 1.354279 1.085377 -1.752027
v 1.376376 1.031250 -1.774124
v 1.420570 1.031250 -1.729929
v 1.398473 1.085377 -1.707832
v 1.425698 1.089563 -1.779251
v 1.229204 0.875000 0.538563
v 1.185010 0.875000 0.582757
v 1.271807 0.875000 0.581167
v 1.227613 0.875000 0.625360
v 1.227613 0.562500 0.625360
v 1.229204 0.562500 0.538563
v 1.185010 0.562500 0.582757
v 1.271807 0.562500 0.581167
v 1.141611 0.500000 0.583553
v 1.226817 0.500000 0.668759
v 1.315206 0.500000 0.580371
v 1.229999 0.500000 0.495165
v 1.141611 0.437500 0.583553
v 1.226817 0.437500 0.668759
v 1.315206 0.437500 0.580371
v 1.229999 0.437500 0.495165
v 1.020868 0.722937 0.462810
v 0.976674 0.831190 0.418616
v 1.109256 0.722937 0.374421
v 1.065062 0.831190 0.330227
v 1.146736 0.843750 0.544484
v 1.124639 0.897877 0.522387
v 1.190930 0.843750 0.500290
v 1.168833 0.897877 0.478193
v 1.141609 0.893690 0.406774
v 1.185803 0.785437 0.450968
v 1.097414 0.785437 0.539356
v 1.053220 0.893690 0.495162
v 1.283653 0.991627 0.593013
v 1.305750 0.937500 0.615110
v 1.261556 0.937500 0.659304
v 1.239459 0.991627 0.637207
v 1.227613 0.909785 0.625360
v 1.271807 0.909785 0.581167
v 1.332975 1.049940 0.598140
v 1.377169 0.941687 0.642334
v 1.288781 0.941687 0.730723
v 1.244587 1.049940 0.686529
v 1.321926 1.022877 0.631286
v 1.344024 0.968750 0.653383
v 1.299829 0.968750 0.697577
v 1.277732 1.022877 0.675480
v 1.398473 1.085377 0.707833
v 1.420570 1.031250 0.729930
v 1.376376 1.031250 0.774124
v 1.354279 1.085377 0.752027
v 1.425698 1.089563 0.779251
v 1.582757 0.875000 0.185010
v 1.538563 0.875000 0.229204
v 1.625360 0.875000 0.227613
v 1.581166 0.875000 0.271807
v 1.581166 0.562500 0.271807
v 1.582757 0.562500 0.185010
v 1.538563 0.562500 0.229204
v 1.625360 0.562500 0.227613
v 1.495164 0.500000 0.229999
v 1.580370 0.500000 0.315206
v 1.668759 0.500000 0.226817
v 1.583552 0.500000 0.141611
v 1.495164 0.437500 0.229999
v 1.580370 0.437500 0.315206
v 1.668759 0.437500 0.226817
v 1.583552 0.437500 0.141611
v 1.374421 0.722937 0.109257
v 1.330227 0.831190 0.065062
v 1.462810 0.722937 0.020868
v 1.418615 0.831190 -0.023326
v 1.500290 0.843750 0.190931
v 1.478193 0.897877 0.168834
v 1.544484 0.843750 0.146737
v 1.522387 0.897877 0.124639
v 1.495162 0.893690 0.053221
v 1.539356 0.785437 0.097415
v 1.450968 0.785437 0.185803
v 1.406774 0.893690 0.141609
v 1.637207 0.991627 0.239459
v 1.659304 0.937500 0.261556
v 1.615109 0.937500 0.305751
v 1.593012 0.991627 0.283653
v 1.581166 0.909785 0.271807
v 1.625360 0.909785 0.227613
v 1.686528 1.049940 0.244587
v 1.730722 0.941687 0.288781
v 1.642334 0.941687 0.377169
v 1.598140 1.049940 0.332975
v 1.675480 1.022877 0.277732
v 1.697577 0.968750 0.299830
v 1.653383 0.968750 0.344024
v 1.631286 1.022877 0.321927
v 1.752027 1.085377 0.354279
v 1.774124 1.031250 0.376376
v 1.729929 1.031250 0.420570
v 1.707832 1.085377 0.398473
v 1.779251 1.089563 0.425698
v -0.000000 0.625000 0.000000
v 1.000000 0.625000 0.000000
v -0.000000 0.625000 -1.000000
v 1.000000 0.625000 -1.000000
vt -0.000000 0.984375
vt 0.015625 0.984375
vt 0.015625 1.000000
vt -0.000000 0.984375
vt 0.015625 0.984375
vt -0.000000 0.984375
vt 0.015625 0.984375
vt -0.000000 0.984375
vt 0.015625 0.984375
vt 0.109375 0.125000
vt 0.109375 0.250000
vt 0.000000 0.250000
vt 0.000000 0.125000
vt 0.218750 0.125000
vt 0.218750 0.250000
vt 0.109375 0.250000
vt 0.109375 0.125000
vt 0.109375 0.125000
vt 0.109375 0.250000
vt 0.000000 0.250000
vt 0.000000 0.125000
vt 0.218750 0.125000
vt 0.218750 0.250000
vt 0.218750 0.125000
vt 0.218750 0.250000
vt 0.109375 0.250000
vt 0.109375 0.125000
vt 0.218750 0.125000
vt 0.218750 0.250000
vt 0.109375 0.250000
vt 0.109375 0.125000
vt 0.000000 0.250000
vt 0.000000 0.125000
vt 0.006445 0.265625
vt 0.102930 0.265625
vt 0.006445 0.265625
vt 0.102930 0.265625
vt 0.218750 0.125000
vt 0.218750 0.250000
vt 0.006445 0.265625
vt 0.000000 0.250000
vt 0.102930 0.265625
vt 0.115820 0.265625
vt 0.212305 0.265625
vt 0.115820 0.265625
vt 0.212305 0.265625
vt 0.115820 0.265625
vt 0.109375 0.250000
vt 0.218750 0.250000
vt 0.212305 0.265625
vt 0.006445 0.265625
vt 0.000000 0.250000
vt 0.109375 0.250000
vt 0.102930 0.265625
vt 0.115820 0.265625
vt 0.212305 0.265625
vt 0.109375 0.000000
vt 0.000000 0.000000
vt 0.109375 0.000000
vt 0.218750 0.000000
vt 0.218750 0.000000
vt 0.015625 1.000000
vt 0.015625 0.984375
vt 0.000000 0.984375
vt 0.000000 1.000000
vt 0.130153 0.500000
vt 0.123632 0.484375
vt 0.220118 0.484375
vt 0.213597 0.500000
vt 0.020778 0.500000
vt 0.014257 0.484375
vt 0.110743 0.484375
vt 0.104222 0.500000
vt 0.020778 0.500000
vt 0.014257 0.484375
vt 0.110743 0.484375
vt 0.104222 0.500000
vt 0.130153 0.500000
vt 0.123632 0.484375
vt 0.220118 0.484375
vt 0.213597 0.500000
vt 0.020778 0.500000
vt 0.014257 0.484375
vt 0.110743 0.484375
vt 0.104222 0.500000
vt 0.130153 0.500000
vt 0.123632 0.484375
vt 0.220118 0.484375
vt 0.213597 0.500000
vt 0.020778 0.500000
vt 0.014257 0.484375
vt 0.110743 0.484375
vt 0.104222 0.500000
vt 0.156051 0.359375
vt 0.130153 0.296875
vt 0.213597 0.296875
vt 0.187699 0.359375
vt 0.046676 0.421875
vt 0.020778 0.359375
vt 0.104222 0.359375
vt 0.078324 0.421875
vt 0.046676 0.562500
vt 0.078324 0.562500
vt 0.130153 0.500000
vt 0.123632 0.484375
vt 0.220118 0.484375
vt 0.213597 0.500000
vt 0.046676 0.359375
vt 0.020778 0.296875
vt 0.104222 0.296875
vt 0.078324 0.359375
vt 0.156051 0.562500
vt 0.130153 0.500000
vt 0.213597 0.500000
vt 0.187699 0.562500
vt 0.156051 0.484375
vt 0.130153 0.421875
vt 0.213597 0.421875
vt 0.187699 0.484375
vt 0.156051 0.421875
vt 0.130153 0.359375
vt 0.213597 0.359375
vt 0.187699 0.421875
vt 0.071885 0.578125
vt 0.078324 0.562500
vt 0.053115 0.578125
vt 0.181260 0.578125
vt 0.187699 0.562500
vt 0.156051 0.562500
vt 0.162490 0.578125
vt 0.071885 0.578125
vt 0.046676 0.484375
vt 0.020778 0.421875
vt 0.104222 0.421875
vt 0.078324 0.484375
vt 0.071885 0.578125
vt 0.078324 0.562500
vt 0.046676 0.562500
vt 0.053115 0.578125
vt 0.078324 0.562500
vt 0.071885 0.578125
vt 0.162490 0.578125
vt 0.156051 0.562500
vt 0.187699 0.562500
vt 0.181260 0.578125
vt 0.156051 0.562500
vt 0.162490 0.578125
vt 0.162490 0.578125
vt 0.156051 0.562500
vt 0.015625 0.968750
vt -0.000000 0.984375
vt -0.000000 0.968750
vt 0.015625 0.968750
vt -0.000000 0.968750
vt 0.015625 0.968750
vt -0.000000 0.968750
vt 0.015625 0.968750
vt -0.000000 0.968750
vt 0.015625 0.968750
vt -0.000000 0.968750
vt 0.015625 0.968750
vt -0.000000 0.968750
vt 0.015625 0.968750
vt -0.000000 0.968750
vt 0.015625 0.968750
vt -0.000000 0.968750
vt 0.000000 0.000000
vt 0.109375 0.000000
vt 0.000000 0.000000
vt 0.109375 0.000000
vt 0.218750 0.000000
vt 0.109375 0.000000
vt 0.218750 0.000000
vt 0.109375 -0.000000
vt 0.218750 -0.000000
vt 0.015625 0.984375
vt 0.015625 1.000000
vt 0.000000 0.984375
vt 0.015625 0.984375
vt 0.000000 1.000000
vt 0.000000 1.000000
vt 0.000000 0.984375
vt 0.015625 1.000000
vt 0.000000 0.984375
vt 0.000000 1.000000
vt 0.015625 1.000000
vt 0.015625 0.984375
vt 0.000000 1.000000
vt 0.000000 0.984375
vt 0.500000 0.500000
vt 0.718750 0.500000
vt 0.718750 0.625000
vt 0.500000 0.625000
vt 0.512944 0.468750
vt 0.705806 0.468750
vt 0.773435 0.750000
vt 0.445315 0.750000
vt 0.429456 0.781250
vt 0.789294 0.781250
vt 0.731694 0.656250
vt 0.487056 0.656250
vt 0.424554 0.750000
vt 0.012946 0.750000
vt 0.000000 0.718750
vt 0.437500 0.718750
vt 0.000000 0.468750
vt 0.437500 0.468750
vt 0.750000 0.562500
vt 1.000000 0.562500
vt 1.000000 0.687500
vt 0.750000 0.687500
vt 0.654422 0.218750
vt 0.550857 0.468750
vt 0.136643 0.468750
vt 0.033078 0.218750
vt 0.033078 0.093750
vt 0.654422 0.093750
vt 1.000000 0.218750
vt 0.750000 0.218750
vt 0.750000 0.000000
vt 1.000000 0.000000
vt 0.750000 0.218750
vt 1.000000 0.218750
vt 1.000000 0.000000
vt 0.750000 0.000000
vt 0.020146 0.062500
vt 0.020146 0.000000
vt 0.667354 0.000000
vt 0.667354 0.062500
vt 0.750000 0.218750
vt 0.750000 0.406250
vt 1.000000 0.406250
vt 1.000000 0.218750
vt 1.000000 0.437500
vt 1.000000 0.562500
vt 0.750000 0.562500
vt 0.750000 0.437500
vt 1.000000 0.218750
vt 1.000000 0.406250
vt 0.750000 0.406250
vt 0.750000 0.218750
vt 0.750000 0.437500
vt 1.000000 0.437500
vt 0.403569 0.843750
vt 0.815181 0.843750
vt 0.461166 0.718750
vt 0.757584 0.718750
vt 0.731694 0.656250
vt 0.487056 0.656250
vt 0.500000 0.500000
vt 0.718750 0.500000
vt 0.718750 0.625000
vt 0.500000 0.625000
vt 0.512944 0.468750
vt 0.705806 0.468750
vt 0.773435 0.750000
vt 0.445315 0.750000
vt 0.429456 0.781250
vt 0.789294 0.781250
vt 0.731694 0.656250
vt 0.487056 0.656250
vt 0.424554 0.750000
vt 0.012946 0.750000
vt 0.000000 0.718750
vt 0.437500 0.718750
vt 0.000000 0.468750
vt 0.437500 0.468750
vt 0.654422 0.218750
vt 0.550857 0.468750
vt 0.136643 0.468750
vt 0.033078 0.218750
vt 0.033078 0.093750
vt 0.654422 0.093750
vt 0.020146 0.062500
vt 0.020146 0.000000
vt 0.667354 0.000000
vt 0.667354 0.062500
vt 0.403569 0.843750
vt 0.815181 0.843750
vt 0.461166 0.718750
vt 0.757584 0.718750
vt 0.731694 0.656250
vt 0.487056 0.656250
vt 0.500000 0.500000
vt 0.718750 0.500000
vt 0.718750 0.625000
vt 0.500000 0.625000
vt 0.512944 0.468750
vt 0.705806 0.468750
vt 0.773435 0.750000
vt 0.445315 0.750000
vt 0.429456 0.781250
vt 0.789294 0.781250
vt 0.731694 0.656250
vt 0.487056 0.656250
vt 0.424554 0.750000
vt 0.012946 0.750000
vt 0.000000 0.718750
vt 0.437500 0.718750
vt 0.000000 0.468750
vt 0.437500 0.468750
vt 0.654422 0.218750
vt 0.550857 0.468750
vt 0.136643 0.468750
vt 0.033078 0.218750
vt 0.033078 0.093750
vt 0.654422 0.093750
vt 0.020146 0.062500
vt 0.020146 0.000000
vt 0.667354 0.000000
vt 0.667354 0.062500
vt 0.403569 0.843750
vt 0.815181 0.843750
vt 0.461166 0.718750
vt 0.757584 0.718750
vt 0.731694 0.656250
vt 0.487056 0.656250
vt 0.500000 0.500000
vt 0.718750 0.500000
vt 0.718750 0.625000
vt 0.500000 0.625000
vt 0.512944 0.468750
vt 0.705806 0.468750
vt 0.773435 0.750000
vt 0.445315 0.750000
vt 0.429456 0.781250
vt 0.789294 0.781250
vt 0.731694 0.656250
vt 0.487056 0.656250
vt 0.424554 0.750000
vt 0.012946 0.750000
vt 0.000000 0.718750
vt 0.437500 0.718750
vt 0.000000 0.468750
vt 0.437500 0.468750
vt 0.654422 0.218750
vt 0.550857 0.468750
vt 0.136643 0.468750
vt 0.033078 0.218750
vt 0.033078 0.093750
vt 0.654422 0.093750
vt 0.020146 0.062500
vt 0.020146 0.000000
vt 0.667354 0.000000
vt 0.667354 0.062500
vt 0.403569 0.843750
vt 0.815181 0.843750
vt 0.461166 0.718750
vt 0.757584 0.718750
vt 0.731694 0.656250
vt 0.487056 0.656250
vt 0.500000 0.500000
vt 0.512944 0.468750
vt 0.705806 0.468750
vt 0.718750 0.500000
vt 0.500000 0.625000
vt 0.718750 0.625000
vt 0.424554 0.750000
vt 0.012946 0.750000
vt 0.000000 0.718750
vt 0.437500 0.718750
vt 0.000000 0.468750
vt 0.437500 0.468750
vt 0.033078 0.218750
vt 0.033078 0.093750
vt 0.654422 0.093750
vt 0.654422 0.218750
vt 0.020146 0.062500
vt 0.020146 0.000000
vt 0.667354 0.000000
vt 0.667354 0.062500
vt 0.500000 0.500000
vt 0.512944 0.468750
vt 0.705806 0.468750
vt 0.718750 0.500000
vt 0.500000 0.625000
vt 0.718750 0.625000
vt 0.424554 0.750000
vt 0.012946 0.750000
vt 0.000000 0.718750
vt 0.437500 0.718750
vt 0.000000 0.468750
vt 0.437500 0.468750
vt 0.033078 0.218750
vt 0.033078 0.093750
vt 0.654422 0.093750
vt 0.654422 0.218750
vt 0.020146 0.062500
vt 0.020146 0.000000
vt 0.667354 0.000000
vt 0.667354 0.062500
vt 0.500000 0.500000
vt 0.512944 0.468750
vt 0.705806 0.468750
vt 0.718750 0.500000
vt 0.500000 0.625000
vt 0.718750 0.625000
vt 0.424554 0.750000
vt 0.012946 0.750000
vt 0.000000 0.718750
vt 0.437500 0.718750
vt 0.000000 0.468750
vt 0.437500 0.468750
vt 0.033078 0.218750
vt 0.033078 0.093750
vt 0.654422 0.093750
vt 0.654422 0.218750
vt 0.020146 0.062500
vt 0.020146 0.000000
vt 0.667354 0.000000
vt 0.667354 0.062500
vt 0.500000 0.500000
vt 0.512944 0.468750
vt 0.705806 0.468750
vt 0.718750 0.500000
vt 0.500000 0.625000
vt 0.718750 0.625000
vt 0.424554 0.750000
vt 0.012946 0.750000
vt 0.000000 0.718750
vt 0.437500 0.718750
vt 0.000000 0.468750
vt 0.437500 0.468750
vt 0.033078 0.218750
vt 0.033078 0.093750
vt 0.654422 0.093750
vt 0.654422 0.218750
vt 0.020146 0.062500
vt 0.020146 0.000000
vt 0.667354 0.000000
vt 0.667354 0.062500
vt 0.750000 0.562500
vt 1.000000 0.562500
vt 1.000000 0.687500
vt 0.750000 0.687500
vt 0.750000 0.093750
vt 0.718750 0.093750
vt 0.718750 0.250000
vt 0.750000 0.250000
vt 0.718750 0.218750
vt 0.687500 0.218750
vt 0.687500 0.062500
vt 0.718750 0.062500
vt 0.734375 0.062500
vt 0.703125 0.062500
vt 0.687500 0.031250
vt 0.750000 0.031250
vt 0.718750 0.093750
vt 0.750000 0.093750
vt 0.750000 0.250000
vt 0.718750 0.250000
vt 0.687500 0.218750
vt 0.718750 0.218750
vt 0.718750 0.062500
vt 0.687500 0.062500
vt 0.687500 0.031250
vt 0.750000 0.031250
vt 0.750000 0.000000
vt 0.687500 0.000000
vt 0.734375 0.250000
vt 0.703125 0.250000
vt 0.687500 0.281250
vt 0.750000 0.281250
vt 0.703125 0.250000
vt 0.734375 0.250000
vt 0.750000 0.281250
vt 0.687500 0.281250
vt 0.703125 0.062500
vt 0.734375 0.062500
vt 0.750000 0.312500
vt 0.687500 0.312500
vt 0.687500 0.000000
vt 0.750000 0.000000
vt 0.687500 0.312500
vt 0.750000 0.312500
vt 0.000000 0.875000
vt 0.000000 0.937500
vt 0.062500 0.937500
vt 0.062500 0.875000
vt 0.062500 0.875000
vt 0.062500 0.937500
vt -0.000000 0.937500
vt -0.000000 0.875000
vt -0.000000 0.812500
vt 0.062500 0.812500
vt 0.062500 1.000000
vt -0.000000 1.000000
vt 0.093750 0.921875
vt 0.093750 0.890625
vt 0.093750 0.828125
vt 0.093750 0.859375
vt 0.093750 0.953125
vt 0.093750 0.984375
vt 0.093750 0.890625
vt 0.093750 0.921875
vt 0.125000 0.968750
vt 0.218750 0.968750
vt 0.218750 1.000000
vt 0.125000 1.000000
vt 0.125000 0.937500
vt 0.218750 0.937500
vt 0.125000 0.906250
vt 0.218750 0.906250
vt 0.093750 0.984375
vt 0.093750 0.953125
vt 0.125000 0.937500
vt 0.125000 1.000000
vt 0.750000 0.062500
vt 0.750000 0.062500
vt 0.718750 0.250000
vt 0.687500 0.250000
vt 0.062500 0.750000
vt 0.062500 0.812500
vt -0.000000 0.812500
vt 0.000000 0.750000
vt 0.093750 0.890625
vt 0.093750 0.921875
vt 0.125000 0.937500
vt 0.125000 0.875000
vt 0.093750 0.921875
vt 0.093750 0.890625
vt 0.125000 0.875000
vt 0.093750 0.859375
vt 0.093750 0.828125
vt 0.125000 0.812500
vt 0.125000 0.968750
vt 0.218750 0.968750
vt 0.218750 0.937500
vt 0.125000 0.937500
vt 0.750000 0.093750
vt 0.718750 0.093750
vt 0.718750 0.250000
vt 0.750000 0.250000
vt 0.718750 0.218750
vt 0.687500 0.218750
vt 0.687500 0.062500
vt 0.718750 0.062500
vt 0.734375 0.062500
vt 0.703125 0.062500
vt 0.687500 0.031250
vt 0.750000 0.031250
vt 0.718750 0.093750
vt 0.750000 0.093750
vt 0.750000 0.250000
vt 0.718750 0.250000
vt 0.687500 0.218750
vt 0.718750 0.218750
vt 0.718750 0.062500
vt 0.687500 0.062500
vt 0.687500 0.031250
vt 0.750000 0.031250
vt 0.750000 0.000000
vt 0.687500 0.000000
vt 0.734375 0.250000
vt 0.703125 0.250000
vt 0.687500 0.281250
vt 0.750000 0.281250
vt 0.703125 0.250000
vt 0.734375 0.250000
vt 0.750000 0.281250
vt 0.687500 0.281250
vt 0.703125 0.062500
vt 0.734375 0.062500
vt 0.750000 0.312500
vt 0.687500 0.312500
vt 0.687500 0.000000
vt 0.750000 0.000000
vt 0.687500 0.312500
vt 0.750000 0.312500
vt 0.000000 0.875000
vt 0.000000 0.937500
vt 0.062500 0.937500
vt 0.062500 0.875000
vt 0.062500 0.875000
vt 0.062500 0.937500
vt -0.000000 0.937500
vt -0.000000 0.875000
vt -0.000000 0.812500
vt 0.062500 0.812500
vt 0.062500 1.000000
vt -0.000000 1.000000
vt 0.093750 0.921875
vt 0.093750 0.890625
vt 0.093750 0.828125
vt 0.093750 0.859375
vt 0.093750 0.953125
vt 0.093750 0.984375
vt 0.093750 0.890625
vt 0.093750 0.921875
vt 0.125000 0.968750
vt 0.218750 0.968750
vt 0.218750 1.000000
vt 0.125000 1.000000
vt 0.125000 0.937500
vt 0.218750 0.937500
vt 0.125000 0.906250
vt 0.218750 0.906250
vt 0.093750 0.984375
vt 0.093750 0.953125
vt 0.125000 0.937500
vt 0.125000 1.000000
vt 0.750000 0.062500
vt 0.750000 0.062500
vt 0.718750 0.250000
vt 0.687500 0.250000
vt 0.062500 0.750000
vt 0.062500 0.812500
vt -0.000000 0.812500
vt 0.000000 0.750000
vt 0.093750 0.890625
vt 0.093750 0.921875
vt 0.125000 0.937500
vt 0.125000 0.875000
vt 0.093750 0.921875
vt 0.093750 0.890625
vt 0.125000 0.875000
vt 0.093750 0.859375
vt 0.093750 0.828125
vt 0.125000 0.812500
vt 0.125000 0.968750
vt 0.218750 0.968750
vt 0.218750 0.937500
vt 0.125000 0.937500
vt 0.750000 0.093750
vt 0.718750 0.093750
vt 0.718750 0.250000
vt 0.750000 0.250000
vt 0.718750 0.218750
vt 0.687500 0.218750
vt 0.687500 0.062500
vt 0.718750 0.062500
vt 0.734375 0.062500
vt 0.703125 0.062500
vt 0.687500 0.031250
vt 0.750000 0.031250
vt 0.718750 0.093750
vt 0.750000 0.093750
vt 0.750000 0.250000
vt 0.718750 0.250000
vt 0.687500 0.218750
vt 0.718750 0.218750
vt 0.718750 0.062500
vt 0.687500 0.062500
vt 0.687500 0.031250
vt 0.750000 0.031250
vt 0.750000 0.000000
vt 0.687500 0.000000
vt 0.734375 0.250000
vt 0.703125 0.250000
vt 0.687500 0.281250
vt 0.750000 0.281250
vt 0.703125 0.250000
vt 0.734375 0.250000
vt 0.750000 0.281250
vt 0.687500 0.281250
vt 0.703125 0.062500
vt 0.734375 0.062500
vt 0.750000 0.312500
vt 0.687500 0.312500
vt 0.687500 0.000000
vt 0.750000 0.000000
vt 0.687500 0.312500
vt 0.750000 0.312500
vt 0.000000 0.875000
vt 0.000000 0.937500
vt 0.062500 0.937500
vt 0.062500 0.875000
vt 0.062500 0.875000
vt 0.062500 0.937500
vt -0.000000 0.937500
vt -0.000000 0.875000
vt -0.000000 0.812500
vt 0.062500 0.812500
vt 0.062500 1.000000
vt -0.000000 1.000000
vt 0.093750 0.921875
vt 0.093750 0.890625
vt 0.093750 0.828125
vt 0.093750 0.859375
vt 0.093750 0.953125
vt 0.093750 0.984375
vt 0.093750 0.890625
vt 0.093750 0.921875
vt 0.125000 0.968750
vt 0.218750 0.968750
vt 0.218750 1.000000
vt 0.125000 1.000000
vt 0.125000 0.937500
vt 0.218750 0.937500
vt 0.125000 0.906250
vt 0.218750 0.906250
vt 0.093750 0.984375
vt 0.093750 0.953125
vt 0.125000 0.937500
vt 0.125000 1.000000
vt 0.750000 0.062500
vt 0.750000 0.062500
vt 0.718750 0.250000
vt 0.687500 0.250000
vt 0.062500 0.750000
vt 0.062500 0.812500
vt -0.000000 0.812500
vt 0.000000 0.750000
vt 0.093750 0.890625
vt 0.093750 0.921875
vt 0.125000 0.937500
vt 0.125000 0.875000
vt 0.093750 0.921875
vt 0.093750 0.890625
vt 0.125000 0.875000
vt 0.093750 0.859375
vt 0.093750 0.828125
vt 0.125000 0.812500
vt 0.125000 0.968750
vt 0.218750 0.968750
vt 0.218750 0.937500
vt 0.125000 0.937500
vt 0.750000 0.093750
vt 0.718750 0.093750
vt 0.718750 0.250000
vt 0.750000 0.250000
vt 0.718750 0.218750
vt 0.687500 0.218750
vt 0.687500 0.062500
vt 0.718750 0.062500
vt 0.734375 0.062500
vt 0.703125 0.062500
vt 0.687500 0.031250
vt 0.750000 0.031250
vt 0.718750 0.093750
vt 0.750000 0.093750
vt 0.750000 0.250000
vt 0.718750 0.250000
vt 0.687500 0.218750
vt 0.718750 0.218750
vt 0.718750 0.062500
vt 0.687500 0.062500
vt 0.687500 0.031250
vt 0.750000 0.031250
vt 0.750000 0.000000
vt 0.687500 0.000000
vt 0.734375 0.250000
vt 0.703125 0.250000
vt 0.687500 0.281250
vt 0.750000 0.281250
vt 0.703125 0.250000
vt 0.734375 0.250000
vt 0.750000 0.281250
vt 0.687500 0.281250
vt 0.703125 0.062500
vt 0.734375 0.062500
vt 0.750000 0.312500
vt 0.687500 0.312500
vt 0.687500 0.000000
vt 0.750000 0.000000
vt 0.687500 0.312500
vt 0.750000 0.312500
vt 0.000000 0.875000
vt 0.000000 0.937500
vt 0.062500 0.937500
vt 0.062500 0.875000
vt 0.062500 0.875000
vt 0.062500 0.937500
vt -0.000000 0.937500
vt -0.000000 0.875000
vt -0.000000 0.812500
vt 0.062500 0.812500
vt 0.062500 1.000000
vt -0.000000 1.000000
vt 0.093750 0.921875
vt 0.093750 0.890625
vt 0.093750 0.828125
vt 0.093750 0.859375
vt 0.093750 0.953125
vt 0.093750 0.984375
vt 0.093750 0.890625
vt 0.093750 0.921875
vt 0.125000 0.968750
vt 0.218750 0.968750
vt 0.218750 1.000000
vt 0.125000 1.000000
vt 0.125000 0.937500
vt 0.218750 0.937500
vt 0.125000 0.906250
vt 0.218750 0.906250
vt 0.093750 0.984375
vt 0.093750 0.953125
vt 0.125000 0.937500
vt 0.125000 1.000000
vt 0.750000 0.062500
vt 0.750000 0.062500
vt 0.718750 0.250000
vt 0.687500 0.250000
vt 0.062500 0.750000
vt 0.062500 0.812500
vt -0.000000 0.812500
vt 0.000000 0.750000
vt 0.093750 0.890625
vt 0.093750 0.921875
vt 0.125000 0.937500
vt 0.125000 0.875000
vt 0.093750 0.921875
vt 0.093750 0.890625
vt 0.125000 0.875000
vt 0.093750 0.859375
vt 0.093750 0.828125
vt 0.125000 0.812500
vt 0.125000 0.968750
vt 0.218750 0.968750
vt 0.218750 0.937500
vt 0.125000 0.937500
vt 0.750000 0.093750
vt 0.718750 0.093750
vt 0.718750 0.250000
vt 0.750000 0.250000
vt 0.718750 0.218750
vt 0.687500 0.218750
vt 0.687500 0.062500
vt 0.718750 0.062500
vt 0.734375 0.062500
vt 0.703125 0.062500
vt 0.687500 0.031250
vt 0.750000 0.031250
vt 0.718750 0.093750
vt 0.750000 0.093750
vt 0.750000 0.250000
vt 0.718750 0.250000
vt 0.687500 0.218750
vt 0.718750 0.218750
vt 0.718750 0.062500
vt 0.687500 0.062500
vt 0.687500 0.031250
vt 0.750000 0.031250
vt 0.750000 0.000000
vt 0.687500 0.000000
vt 0.734375 0.250000
vt 0.703125 0.250000
vt 0.687500 0.281250
vt 0.750000 0.281250
vt 0.703125 0.250000
vt 0.734375 0.250000
vt 0.750000 0.281250
vt 0.687500 0.281250
vt 0.703125 0.062500
vt 0.734375 0.062500
vt 0.750000 0.312500
vt 0.687500 0.312500
vt 0.687500 0.000000
vt 0.750000 0.000000
vt 0.687500 0.312500
vt 0.750000 0.312500
vt 0.000000 0.875000
vt 0.000000 0.937500
vt 0.062500 0.937500
vt 0.062500 0.875000
vt 0.062500 0.875000
vt 0.062500 0.937500
vt -0.000000 0.937500
vt -0.000000 0.875000
vt -0.000000 0.812500
vt 0.062500 0.812500
vt 0.062500 1.000000
vt -0.000000 1.000000
vt 0.093750 0.921875
vt 0.093750 0.890625
vt 0.093750 0.828125
vt 0.093750 0.859375
vt 0.093750 0.953125
vt 0.093750 0.984375
vt 0.093750 0.890625
vt 0.093750 0.921875
vt 0.125000 0.968750
vt 0.218750 0.968750
vt 0.218750 1.000000
vt 0.125000 1.000000
vt 0.125000 0.937500
vt 0.218750 0.937500
vt 0.125000 0.906250
vt 0.218750 0.906250
vt 0.093750 0.984375
vt 0.093750 0.953125
vt 0.125000 0.937500
vt 0.125000 1.000000
vt 0.750000 0.062500
vt 0.750000 0.062500
vt 0.718750 0.250000
vt 0.687500 0.250000
vt 0.062500 0.750000
vt 0.062500 0.812500
vt -0.000000 0.812500
vt 0.000000 0.750000
vt 0.093750 0.890625
vt 0.093750 0.921875
vt 0.125000 0.937500
vt 0.125000 0.875000
vt 0.093750 0.921875
vt 0.093750 0.890625
vt 0.125000 0.875000
vt 0.093750 0.859375
vt 0.093750 0.828125
vt 0.125000 0.812500
vt 0.125000 0.968750
vt 0.218750 0.968750
vt 0.218750 0.937500
vt 0.125000 0.937500
vt 0.750000 0.093750
vt 0.718750 0.093750
vt 0.718750 0.250000
vt 0.750000 0.250000
vt 0.718750 0.218750
vt 0.687500 0.218750
vt 0.687500 0.062500
vt 0.718750 0.062500
vt 0.734375 0.062500
vt 0.703125 0.062500
vt 0.687500 0.031250
vt 0.750000 0.031250
vt 0.718750 0.093750
vt 0.750000 0.093750
vt 0.750000 0.250000
vt 0.718750 0.250000
vt 0.687500 0.218750
vt 0.718750 0.218750
vt 0.718750 0.062500
vt 0.687500 0.062500
vt 0.687500 0.031250
vt 0.750000 0.031250
vt 0.750000 0.000000
vt 0.687500 0.000000
vt 0.734375 0.250000
vt 0.703125 0.250000
vt 0.687500 0.281250
vt 0.750000 0.281250
vt 0.703125 0.250000
vt 0.734375 0.250000
vt 0.750000 0.281250
vt 0.687500 0.281250
vt 0.703125 0.062500
vt 0.734375 0.062500
vt 0.750000 0.312500
vt 0.687500 0.312500
vt 0.687500 0.000000
vt 0.750000 0.000000
vt 0.687500 0.312500
vt 0.750000 0.312500
vt 0.000000 0.875000
vt 0.000000 0.937500
vt 0.062500 0.937500
vt 0.062500 0.875000
vt 0.062500 0.875000
vt 0.062500 0.937500
vt -0.000000 0.937500
vt -0.000000 0.875000
vt -0.000000 0.812500
vt 0.062500 0.812500
vt 0.062500 1.000000
vt -0.000000 1.000000
vt 0.093750 0.921875
vt 0.093750 0.890625
vt 0.093750 0.828125
vt 0.093750 0.859375
vt 0.093750 0.953125
vt 0.093750 0.984375
vt 0.093750 0.890625
vt 0.093750 0.921875
vt 0.125000 0.968750
vt 0.218750 0.968750
vt 0.218750 1.000000
vt 0.125000 1.000000
vt 0.125000 0.937500
vt 0.218750 0.937500
vt 0.125000 0.906250
vt 0.218750 0.906250
vt 0.093750 0.984375
vt 0.093750 0.953125
vt 0.125000 0.937500
vt 0.125000 1.000000
vt 0.750000 0.062500
vt 0.750000 0.062500
vt 0.718750 0.250000
vt 0.687500 0.250000
vt 0.062500 0.750000
vt 0.062500 0.812500
vt -0.000000 0.812500
vt 0.000000 0.750000
vt 0.093750 0.890625
vt 0.093750 0.921875
vt 0.125000 0.937500
vt 0.125000 0.875000
vt 0.093750 0.921875
vt 0.093750 0.890625
vt 0.125000 0.875000
vt 0.093750 0.859375
vt 0.093750 0.828125
vt 0.125000 0.812500
vt 0.125000 0.968750
vt 0.218750 0.968750
vt 0.218750 0.937500
vt 0.125000 0.937500
vt 0.750000 0.093750
vt 0.718750 0.093750
vt 0.718750 0.250000
vt 0.750000 0.250000
vt 0.718750 0.218750
vt 0.687500 0.218750
vt 0.687500 0.062500
vt 0.718750 0.062500
vt 0.734375 0.062500
vt 0.703125 0.062500
vt 0.687500 0.031250
vt 0.750000 0.031250
vt 0.718750 0.093750
vt 0.750000 0.093750
vt 0.750000 0.250000
vt 0.718750 0.250000
vt 0.687500 0.218750
vt 0.718750 0.218750
vt 0.718750 0.062500
vt 0.687500 0.062500
vt 0.687500 0.031250
vt 0.750000 0.031250
vt 0.750000 0.000000
vt 0.687500 0.000000
vt 0.734375 0.250000
vt 0.703125 0.250000
vt 0.687500 0.281250
vt 0.750000 0.281250
vt 0.703125 0.250000
vt 0.734375 0.250000
vt 0.750000 0.281250
vt 0.687500 0.281250
vt 0.703125 0.062500
vt 0.734375 0.062500
vt 0.750000 0.312500
vt 0.687500 0.312500
vt 0.687500 0.000000
vt 0.750000 0.000000
vt 0.687500 0.312500
vt 0.750000 0.312500
vt 0.000000 0.875000
vt 0.000000 0.937500
vt 0.062500 0.937500
vt 0.062500 0.875000
vt 0.062500 0.875000
vt 0.062500 0.937500
vt -0.000000 0.937500
vt -0.000000 0.875000
vt -0.000000 0.812500
vt 0.062500 0.812500
vt 0.062500 1.000000
vt -0.000000 1.000000
vt 0.093750 0.921875
vt 0.093750 0.890625
vt 0.093750 0.828125
vt 0.093750 0.859375
vt 0.093750 0.953125
vt 0.093750 0.984375
vt 0.093750 0.890625
vt 0.093750 0.921875
vt 0.125000 0.968750
vt 0.218750 0.968750
vt 0.218750 1.000000
vt 0.125000 1.000000
vt 0.125000 0.937500
vt 0.218750 0.937500
vt 0.125000 0.906250
vt 0.218750 0.906250
vt 0.093750 0.984375
vt 0.093750 0.953125
vt 0.125000 0.937500
vt 0.125000 1.000000
vt 0.750000 0.062500
vt 0.750000 0.062500
vt 0.718750 0.250000
vt 0.687500 0.250000
vt 0.062500 0.750000
vt 0.062500 0.812500
vt -0.000000 0.812500
vt 0.000000 0.750000
vt 0.093750 0.890625
vt 0.093750 0.921875
vt 0.125000 0.937500
vt 0.125000 0.875000
vt 0.093750 0.921875
vt 0.093750 0.890625
vt 0.125000 0.875000
vt 0.093750 0.859375
vt 0.093750 0.828125
vt 0.125000 0.812500
vt 0.125000 0.968750
vt 0.218750 0.968750
vt 0.218750 0.937500
vt 0.125000 0.937500
vt 0.750000 0.093750
vt 0.718750 0.093750
vt 0.718750 0.250000
vt 0.750000 0.250000
vt 0.718750 0.218750
vt 0.687500 0.218750
vt 0.687500 0.062500
vt 0.718750 0.062500
vt 0.734375 0.062500
vt 0.703125 0.062500
vt 0.687500 0.031250
vt 0.750000 0.031250
vt 0.718750 0.093750
vt 0.750000 0.093750
vt 0.750000 0.250000
vt 0.718750 0.250000
vt 0.687500 0.218750
vt 0.718750 0.218750
vt 0.718750 0.062500
vt 0.687500 0.062500
vt 0.687500 0.031250
vt 0.750000 0.031250
vt 0.750000 0.000000
vt 0.687500 0.000000
vt 0.734375 0.250000
vt 0.703125 0.250000
vt 0.687500 0.281250
vt 0.750000 0.281250
vt 0.703125 0.250000
vt 0.734375 0.250000
vt 0.750000 0.281250
vt 0.687500 0.281250
vt 0.703125 0.062500
vt 0.734375 0.062500
vt 0.750000 0.312500
vt 0.687500 0.312500
vt 0.687500 0.000000
vt 0.750000 0.000000
vt 0.687500 0.312500
vt 0.750000 0.312500
vt 0.000000 0.875000
vt 0.000000 0.937500
vt 0.062500 0.937500
vt 0.062500 0.875000
vt 0.062500 0.875000
vt 0.062500 0.937500
vt -0.000000 0.937500
vt -0.000000 0.875000
vt -0.000000 0.812500
vt 0.062500 0.812500
vt 0.062500 1.000000
vt -0.000000 1.000000
vt 0.093750 0.921875
vt 0.093750 0.890625
vt 0.093750 0.828125
vt 0.093750 0.859375
vt 0.093750 0.953125
vt 0.093750 0.984375
vt 0.093750 0.890625
vt 0.093750 0.921875
vt 0.125000 0.968750
vt 0.218750 0.968750
vt 0.218750 1.000000
vt 0.125000 1.000000
vt 0.125000 0.937500
vt 0.218750 0.937500
vt 0.125000 0.906250
vt 0.218750 0.906250
vt 0.093750 0.984375
vt 0.093750 0.953125
vt 0.125000 0.937500
vt 0.125000 1.000000
vt 0.750000 0.062500
vt 0.750000 0.062500
vt 0.718750 0.250000
vt 0.687500 0.250000
vt 0.062500 0.750000
vt 0.062500 0.812500
vt -0.000000 0.812500
vt 0.000000 0.750000
vt 0.093750 0.890625
vt 0.093750 0.921875
vt 0.125000 0.937500
vt 0.125000 0.875000
vt 0.093750 0.921875
vt 0.093750 0.890625
vt 0.125000 0.875000
vt 0.093750 0.859375
vt 0.093750 0.828125
vt 0.125000 0.812500
vt 0.125000 0.968750
vt 0.218750 0.968750
vt 0.218750 0.937500
vt 0.125000 0.937500
vt 0.750000 0.093750
vt 0.718750 0.093750
vt 0.718750 0.250000
vt 0.750000 0.250000
vt 0.718750 0.218750
vt 0.687500 0.218750
vt 0.687500 0.062500
vt 0.718750 0.062500
vt 0.734375 0.062500
vt 0.703125 0.062500
vt 0.687500 0.031250
vt 0.750000 0.031250
vt 0.718750 0.093750
vt 0.750000 0.093750
vt 0.750000 0.250000
vt 0.718750 0.250000
vt 0.687500 0.218750
vt 0.718750 0.218750
vt 0.718750 0.062500
vt 0.687500 0.062500
vt 0.687500 0.031250
vt 0.750000 0.031250
vt 0.750000 0.000000
vt 0.687500 0.000000
vt 0.734375 0.250000
vt 0.703125 0.250000
vt 0.687500 0.281250
vt 0.750000 0.281250
vt 0.703125 0.250000
vt 0.734375 0.250000
vt 0.750000 0.281250
vt 0.687500 0.281250
vt 0.703125 0.062500
vt 0.734375 0.062500
vt 0.750000 0.312500
vt 0.687500 0.312500
vt 0.687500 0.000000
vt 0.750000 0.000000
vt 0.687500 0.312500
vt 0.750000 0.312500
vt 0.000000 0.875000
vt 0.000000 0.937500
vt 0.062500 0.937500
vt 0.062500 0.875000
vt 0.062500 0.875000
vt 0.062500 0.937500
vt -0.000000 0.937500
vt -0.000000 0.875000
vt -0.000000 0.812500
vt 0.062500 0.812500
vt 0.062500 1.000000
vt -0.000000 1.000000
vt 0.093750 0.921875
vt 0.093750 0.890625
vt 0.093750 0.828125
vt 0.093750 0.859375
vt 0.093750 0.953125
vt 0.093750 0.984375
vt 0.093750 0.890625
vt 0.093750 0.921875
vt 0.125000 0.968750
vt 0.218750 0.968750
vt 0.218750 1.000000
vt 0.125000 1.000000
vt 0.125000 0.937500
vt 0.218750 0.937500
vt 0.125000 0.906250
vt 0.218750 0.906250
vt 0.093750 0.984375
vt 0.093750 0.953125
vt 0.125000 0.937500
vt 0.125000 1.000000
vt 0.750000 0.062500
vt 0.750000 0.062500
vt 0.718750 0.250000
vt 0.687500 0.250000
vt 0.062500 0.750000
vt 0.062500 0.812500
vt -0.000000 0.812500
vt 0.000000 0.750000
vt 0.093750 0.890625
vt 0.093750 0.921875
vt 0.125000 0.937500
vt 0.125000 0.875000
vt 0.093750 0.921875
vt 0.093750 0.890625
vt 0.125000 0.875000
vt 0.093750 0.859375
vt 0.093750 0.828125
vt 0.125000 0.812500
vt 0.125000 0.968750
vt 0.218750 0.968750
vt 0.218750 0.937500
vt 0.125000 0.937500
vt 0.750000 0.093750
vt 0.718750 0.093750
vt 0.718750 0.250000
vt 0.750000 0.250000
vt 0.718750 0.218750
vt 0.687500 0.218750
vt 0.687500 0.062500
vt 0.718750 0.062500
vt 0.734375 0.062500
vt 0.703125 0.062500
vt 0.687500 0.031250
vt 0.750000 0.031250
vt 0.718750 0.093750
vt 0.750000 0.093750
vt 0.750000 0.250000
vt 0.718750 0.250000
vt 0.687500 0.218750
vt 0.718750 0.218750
vt 0.718750 0.062500
vt 0.687500 0.062500
vt 0.687500 0.031250
vt 0.750000 0.031250
vt 0.750000 0.000000
vt 0.687500 0.000000
vt 0.734375 0.250000
vt 0.703125 0.250000
vt 0.687500 0.281250
vt 0.750000 0.281250
vt 0.703125 0.250000
vt 0.734375 0.250000
vt 0.750000 0.281250
vt 0.687500 0.281250
vt 0.703125 0.062500
vt 0.734375 0.062500
vt 0.750000 0.312500
vt 0.687500 0.312500
vt 0.687500 0.000000
vt 0.750000 0.000000
vt 0.687500 0.312500
vt 0.750000 0.312500
vt 0.000000 0.875000
vt 0.000000 0.937500
vt 0.062500 0.937500
vt 0.062500 0.875000
vt 0.062500 0.875000
vt 0.062500 0.937500
vt -0.000000 0.937500
vt -0.000000 0.875000
vt -0.000000 0.812500
vt 0.062500 0.812500
vt 0.062500 1.000000
vt -0.000000 1.000000
vt 0.093750 0.921875
vt 0.093750 0.890625
vt 0.093750 0.828125
vt 0.093750 0.859375
vt 0.093750 0.953125
vt 0.093750 0.984375
vt 0.093750 0.890625
vt 0.093750 0.921875
vt 0.125000 0.968750
vt 0.218750 0.968750
vt 0.218750 1.000000
vt 0.125000 1.000000
vt 0.125000 0.937500
vt 0.218750 0.937500
vt 0.125000 0.906250
vt 0.218750 0.906250
vt 0.093750 0.984375
vt 0.093750 0.953125
vt 0.125000 0.937500
vt 0.125000 1.000000
vt 0.750000 0.062500
vt 0.750000 0.062500
vt 0.718750 0.250000
vt 0.687500 0.250000
vt 0.062500 0.750000
vt 0.062500 0.812500
vt -0.000000 0.812500
vt 0.000000 0.750000
vt 0.093750 0.890625
vt 0.093750 0.921875
vt 0.125000 0.937500
vt 0.125000 0.875000
vt 0.093750 0.921875
vt 0.093750 0.890625
vt 0.125000 0.875000
vt 0.093750 0.859375
vt 0.093750 0.828125
vt 0.125000 0.812500
vt 0.125000 0.968750
vt 0.218750 0.968750
vt 0.218750 0.937500
vt 0.125000 0.937500
vt 0.750000 0.093750
vt 0.718750 0.093750
vt 0.718750 0.250000
vt 0.750000 0.250000
vt 0.718750 0.218750
vt 0.687500 0.218750
vt 0.687500 0.062500
vt 0.718750 0.062500
vt 0.734375 0.062500
vt 0.703125 0.062500
vt 0.687500 0.031250
vt 0.750000 0.031250
vt 0.718750 0.093750
vt 0.750000 0.093750
vt 0.750000 0.250000
vt 0.718750 0.250000
vt 0.687500 0.218750
vt 0.718750 0.218750
vt 0.718750 0.062500
vt 0.687500 0.062500
vt 0.687500 0.031250
vt 0.750000 0.031250
vt 0.750000 0.000000
vt 0.687500 0.000000
vt 0.734375 0.250000
vt 0.703125 0.250000
vt 0.687500 0.281250
vt 0.750000 0.281250
vt 0.703125 0.250000
vt 0.734375 0.250000
vt 0.750000 0.281250
vt 0.687500 0.281250
vt 0.703125 0.062500
vt 0.734375 0.062500
vt 0.750000 0.312500
vt 0.687500 0.312500
vt 0.687500 0.000000
vt 0.750000 0.000000
vt 0.687500 0.312500
vt 0.750000 0.312500
vt 0.000000 0.875000
vt 0.000000 0.937500
vt 0.062500 0.937500
vt 0.062500 0.875000
vt 0.062500 0.875000
vt 0.062500 0.937500
vt -0.000000 0.937500
vt -0.000000 0.875000
vt -0.000000 0.812500
vt 0.062500 0.812500
vt 0.062500 1.000000
vt -0.000000 1.000000
vt 0.093750 0.921875
vt 0.093750 0.890625
vt 0.093750 0.828125
vt 0.093750 0.859375
vt 0.093750 0.953125
vt 0.093750 0.984375
vt 0.093750 0.890625
vt 0.093750 0.921875
vt 0.125000 0.968750
vt 0.218750 0.968750
vt 0.218750 1.000000
vt 0.125000 1.000000
vt 0.125000 0.937500
vt 0.218750 0.937500
vt 0.125000 0.906250
vt 0.218750 0.906250
vt 0.093750 0.984375
vt 0.093750 0.953125
vt 0.125000 0.937500
vt 0.125000 1.000000
vt 0.750000 0.062500
vt 0.750000 0.062500
vt 0.718750 0.250000
vt 0.687500 0.250000
vt 0.062500 0.750000
vt 0.062500 0.812500
vt -0.000000 0.812500
vt 0.000000 0.750000
vt 0.093750 0.890625
vt 0.093750 0.921875
vt 0.125000 0.937500
vt 0.125000 0.875000
vt 0.093750 0.921875
vt 0.093750 0.890625
vt 0.125000 0.875000
vt 0.093750 0.859375
vt 0.093750 0.828125
vt 0.125000 0.812500
vt 0.125000 0.968750
vt 0.218750 0.968750
vt 0.218750 0.937500
vt 0.125000 0.937500
vt 0.750000 0.093750
vt 0.718750 0.093750
vt 0.718750 0.250000
vt 0.750000 0.250000
vt 0.718750 0.218750
vt 0.687500 0.218750
vt 0.687500 0.062500
vt 0.718750 0.062500
vt 0.734375 0.062500
vt 0.703125 0.062500
vt 0.687500 0.031250
vt 0.750000 0.031250
vt 0.718750 0.093750
vt 0.750000 0.093750
vt 0.750000 0.250000
vt 0.718750 0.250000
vt 0.687500 0.218750
vt 0.718750 0.218750
vt 0.718750 0.062500
vt 0.687500 0.062500
vt 0.687500 0.031250
vt 0.750000 0.031250
vt 0.750000 0.000000
vt 0.687500 0.000000
vt 0.734375 0.250000
vt 0.703125 0.250000
vt 0.687500 0.281250
vt 0.750000 0.281250
vt 0.703125 0.250000
vt 0.734375 0.250000
vt 0.750000 0.281250
vt 0.687500 0.281250
vt 0.703125 0.062500
vt 0.734375 0.062500
vt 0.750000 0.312500
vt 0.687500 0.312500
vt 0.687500 0.000000
vt 0.750000 0.000000
vt 0.687500 0.312500
vt 0.750000 0.312500
vt 0.000000 0.875000
vt 0.000000 0.937500
vt 0.062500 0.937500
vt 0.062500 0.875000
vt 0.062500 0.875000
vt 0.062500 0.937500
vt -0.000000 0.937500
vt -0.000000 0.875000
vt -0.000000 0.812500
vt 0.062500 0.812500
vt 0.062500 1.000000
vt -0.000000 1.000000
vt 0.093750 0.921875
vt 0.093750 0.890625
vt 0.093750 0.828125
vt 0.093750 0.859375
vt 0.093750 0.953125
vt 0.093750 0.984375
vt 0.093750 0.890625
vt 0.093750 0.921875
vt 0.125000 0.968750
vt 0.218750 0.968750
vt 0.218750 1.000000
vt 0.125000 1.000000
vt 0.125000 0.937500
vt 0.218750 0.937500
vt 0.125000 0.906250
vt 0.218750 0.906250
vt 0.093750 0.984375
vt 0.093750 0.953125
vt 0.125000 0.937500
vt 0.125000 1.000000
vt 0.750000 0.062500
vt 0.750000 0.062500
vt 0.718750 0.250000
vt 0.687500 0.250000
vt 0.062500 0.750000
vt 0.062500 0.812500
vt -0.000000 0.812500
vt 0.000000 0.750000
vt 0.093750 0.890625
vt 0.093750 0.921875
vt 0.125000 0.937500
vt 0.125000 0.875000
vt 0.093750 0.921875
vt 0.093750 0.890625
vt 0.125000 0.875000
vt 0.093750 0.859375
vt 0.093750 0.828125
vt 0.125000 0.812500
vt 0.125000 0.968750
vt 0.218750 0.968750
vt 0.218750 0.937500
vt 0.125000 0.937500
vt 0.750000 0.093750
vt 0.718750 0.093750
vt 0.718750 0.250000
vt 0.750000 0.250000
vt 0.718750 0.218750
vt 0.687500 0.218750
vt 0.687500 0.062500
vt 0.718750 0.062500
vt 0.734375 0.062500
vt 0.703125 0.062500
vt 0.687500 0.031250
vt 0.750000 0.031250
vt 0.718750 0.093750
vt 0.750000 0.093750
vt 0.750000 0.250000
vt 0.718750 0.250000
vt 0.687500 0.218750
vt 0.718750 0.218750
vt 0.718750 0.062500
vt 0.687500 0.062500
vt 0.687500 0.031250
vt 0.750000 0.031250
vt 0.750000 0.000000
vt 0.687500 0.000000
vt 0.734375 0.250000
vt 0.703125 0.250000
vt 0.687500 0.281250
vt 0.750000 0.281250
vt 0.703125 0.250000
vt 0.734375 0.250000
vt 0.750000 0.281250
vt 0.687500 0.281250
vt 0.703125 0.062500
vt 0.734375 0.062500
vt 0.750000 0.312500
vt 0.687500 0.312500
vt 0.687500 0.000000
vt 0.750000 0.000000
vt 0.687500 0.312500
vt 0.750000 0.312500
vt 0.000000 0.875000
vt 0.000000 0.937500
vt 0.062500 0.937500
vt 0.062500 0.875000
vt 0.062500 0.875000
vt 0.062500 0.937500
vt -0.000000 0.937500
vt -0.000000 0.875000
vt -0.000000 0.812500
vt 0.062500 0.812500
vt 0.062500 1.000000
vt -0.000000 1.000000
vt 0.093750 0.921875
vt 0.093750 0.890625
vt 0.093750 0.828125
vt 0.093750 0.859375
vt 0.093750 0.953125
vt 0.093750 0.984375
vt 0.093750 0.890625
vt 0.093750 0.921875
vt 0.125000 0.968750
vt 0.218750 0.968750
vt 0.218750 1.000000
vt 0.125000 1.000000
vt 0.125000 0.937500
vt 0.218750 0.937500
vt 0.125000 0.906250
vt 0.218750 0.906250
vt 0.093750 0.984375
vt 0.093750 0.953125
vt 0.125000 0.937500
vt 0.125000 1.000000
vt 0.750000 0.062500
vt 0.750000 0.062500
vt 0.718750 0.250000
vt 0.687500 0.250000
vt 0.062500 0.750000
vt 0.062500 0.812500
vt -0.000000 0.812500
vt 0.000000 0.750000
vt 0.093750 0.890625
vt 0.093750 0.921875
vt 0.125000 0.937500
vt 0.125000 0.875000
vt 0.093750 0.921875
vt 0.093750 0.890625
vt 0.125000 0.875000
vt 0.093750 0.859375
vt 0.093750 0.828125
vt 0.125000 0.812500
vt 0.125000 0.968750
vt 0.218750 0.968750
vt 0.218750 0.937500
vt 0.125000 0.937500
vt 0.750000 0.093750
vt 0.718750 0.093750
vt 0.718750 0.250000
vt 0.750000 0.250000
vt 0.718750 0.218750
vt 0.687500 0.218750
vt 0.687500 0.062500
vt 0.718750 0.062500
vt 0.734375 0.062500
vt 0.703125 0.062500
vt 0.687500 0.031250
vt 0.750000 0.031250
vt 0.718750 0.093750
vt 0.750000 0.093750
vt 0.750000 0.250000
vt 0.718750 0.250000
vt 0.687500 0.218750
vt 0.718750 0.218750
vt 0.718750 0.062500
vt 0.687500 0.062500
vt 0.687500 0.031250
vt 0.750000 0.031250
vt 0.750000 0.000000
vt 0.687500 0.000000
vt 0.734375 0.250000
vt 0.703125 0.250000
vt 0.687500 0.281250
vt 0.750000 0.281250
vt 0.703125 0.250000
vt 0.734375 0.250000
vt 0.750000 0.281250
vt 0.687500 0.281250
vt 0.703125 0.062500
vt 0.734375 0.062500
vt 0.750000 0.312500
vt 0.687500 0.312500
vt 0.687500 0.000000
vt 0.750000 0.000000
vt 0.687500 0.312500
vt 0.750000 0.312500
vt 0.000000 0.875000
vt 0.000000 0.937500
vt 0.062500 0.937500
vt 0.062500 0.875000
vt 0.062500 0.875000
vt 0.062500 0.937500
vt -0.000000 0.937500
vt -0.000000 0.875000
vt -0.000000 0.812500
vt 0.062500 0.812500
vt 0.062500 1.000000
vt -0.000000 1.000000
vt 0.093750 0.921875
vt 0.093750 0.890625
vt 0.093750 0.828125
vt 0.093750 0.859375
vt 0.093750 0.953125
vt 0.093750 0.984375
vt 0.093750 0.890625
vt 0.093750 0.921875
vt 0.125000 0.968750
vt 0.218750 0.968750
vt 0.218750 1.000000
vt 0.125000 1.000000
vt 0.125000 0.937500
vt 0.218750 0.937500
vt 0.125000 0.906250
vt 0.218750 0.906250
vt 0.093750 0.984375
vt 0.093750 0.953125
vt 0.125000 0.937500
vt 0.125000 1.000000
vt 0.750000 0.062500
vt 0.750000 0.062500
vt 0.718750 0.250000
vt 0.687500 0.250000
vt 0.062500 0.750000
vt 0.062500 0.812500
vt -0.000000 0.812500
vt 0.000000 0.750000
vt 0.093750 0.890625
vt 0.093750 0.921875
vt 0.125000 0.937500
vt 0.125000 0.875000
vt 0.093750 0.921875
vt 0.093750 0.890625
vt 0.125000 0.875000
vt 0.093750 0.859375
vt 0.093750 0.828125
vt 0.125000 0.812500
vt 0.125000 0.968750
vt 0.218750 0.968750
vt 0.218750 0.937500
vt 0.125000 0.937500
vt 0.500000 0.875000
vt 0.562500 0.875000
vt 0.562500 0.937500
vt 0.500000 0.750000
vt 0.562500 0.750000
vt 0.625000 0.750000
vt 0.562500 0.750000
vt 0.562500 0.875000
vt 0.625000 0.875000
vt 0.437500 0.750000
vt 0.437500 0.875000
vt 0.500000 0.750000
vt 0.562500 0.750000
vt 0.562500 0.875000
vt 0.500000 0.875000
vt 0.625000 0.937500
vt 0.500000 0.937500
vt 0.375000 0.875000
vt 0.437500 0.875000
vt 0.437500 0.937500
vt 0.375000 0.750000
vt 0.437500 0.750000
vt 0.500000 0.750000
vt 0.437500 0.750000
vt 0.437500 0.875000
vt 0.500000 0.875000
vt 0.312500 0.750000
vt 0.312500 0.875000
vt 0.375000 0.750000
vt 0.437500 0.750000
vt 0.437500 0.875000
vt 0.375000 0.875000
vt 0.500000 0.937500
vt 0.375000 0.937500
vt 0.250000 0.875000
vt 0.312500 0.875000
vt 0.312500 0.937500
vt 0.250000 0.750000
vt 0.312500 0.750000
vt 0.375000 0.750000
vt 0.312500 0.750000
vt 0.312500 0.875000
vt 0.375000 0.875000
vt 0.187500 0.750000
vt 0.187500 0.875000
vt 0.250000 0.750000
vt 0.312500 0.750000
vt 0.312500 0.875000
vt 0.250000 0.875000
vt 0.375000 0.937500
vt 0.250000 0.937500
vt 0.125000 0.875000
vt 0.187500 0.875000
vt 0.187500 0.937500
vt 0.125000 0.750000
vt 0.187500 0.750000
vt 0.250000 0.750000
vt 0.187500 0.750000
vt 0.187500 0.875000
vt 0.250000 0.875000
vt 0.062500 0.750000
vt 0.062500 0.875000
vt 0.125000 0.750000
vt 0.187500 0.750000
vt 0.187500 0.875000
vt 0.125000 0.875000
vt 0.250000 0.937500
vt 0.125000 0.937500
vt 0.625000 0.750000
vt 0.687500 0.750000
vt 0.687500 0.812500
vt 0.625000 0.625000
vt 0.687500 0.625000
vt 0.750000 0.625000
vt 0.687500 0.625000
vt 0.687500 0.750000
vt 0.750000 0.750000
vt 0.562500 0.625000
vt 0.562500 0.750000
vt 0.625000 0.625000
vt 0.687500 0.625000
vt 0.687500 0.750000
vt 0.625000 0.750000
vt 0.750000 0.812500
vt 0.625000 0.812500
vt 0.750000 0.750000
vt 0.812500 0.750000
vt 0.812500 0.812500
vt 0.750000 0.625000
vt 0.812500 0.625000
vt 0.875000 0.625000
vt 0.812500 0.625000
vt 0.812500 0.750000
vt 0.875000 0.750000
vt 0.687500 0.625000
vt 0.687500 0.750000
vt 0.750000 0.625000
vt 0.812500 0.625000
vt 0.812500 0.750000
vt 0.750000 0.750000
vt 0.875000 0.812500
vt 0.750000 0.812500
vt 0.750000 0.875000
vt 0.812500 0.875000
vt 0.812500 0.937500
vt 0.750000 0.750000
vt 0.812500 0.750000
vt 0.875000 0.750000
vt 0.812500 0.750000
vt 0.812500 0.875000
vt 0.875000 0.875000
vt 0.687500 0.750000
vt 0.687500 0.875000
vt 0.750000 0.750000
vt 0.812500 0.750000
vt 0.812500 0.875000
vt 0.750000 0.875000
vt 0.875000 0.937500
vt 0.750000 0.937500
vt 0.625000 0.875000
vt 0.687500 0.875000
vt 0.687500 0.937500
vt 0.625000 0.750000
vt 0.687500 0.750000
vt 0.750000 0.750000
vt 0.687500 0.750000
vt 0.687500 0.875000
vt 0.750000 0.875000
vt 0.562500 0.750000
vt 0.562500 0.875000
vt 0.625000 0.750000
vt 0.687500 0.750000
vt 0.687500 0.875000
vt 0.625000 0.875000
vt 0.750000 0.937500
vt 0.625000 0.937500
vt 0.125000 0.750000
vt 0.187500 0.750000
vt 0.187500 0.812500
vt 0.125000 0.625000
vt 0.187500 0.625000
vt 0.250000 0.625000
vt 0.187500 0.625000
vt 0.187500 0.750000
vt 0.250000 0.750000
vt 0.062500 0.625000
vt 0.062500 0.750000
vt 0.125000 0.625000
vt 0.187500 0.625000
vt 0.187500 0.750000
vt 0.125000 0.750000
vt 0.250000 0.812500
vt 0.125000 0.812500
vt 0.250000 0.750000
vt 0.312500 0.750000
vt 0.312500 0.812500
vt 0.250000 0.625000
vt 0.312500 0.625000
vt 0.375000 0.625000
vt 0.312500 0.625000
vt 0.312500 0.750000
vt 0.375000 0.750000
vt 0.187500 0.625000
vt 0.187500 0.750000
vt 0.250000 0.625000
vt 0.312500 0.625000
vt 0.312500 0.750000
vt 0.250000 0.750000
vt 0.375000 0.812500
vt 0.250000 0.812500
vt 0.375000 0.750000
vt 0.437500 0.750000
vt 0.437500 0.812500
vt 0.375000 0.625000
vt 0.437500 0.625000
vt 0.500000 0.625000
vt 0.437500 0.625000
vt 0.437500 0.750000
vt 0.500000 0.750000
vt 0.312500 0.625000
vt 0.312500 0.750000
vt 0.375000 0.625000
vt 0.437500 0.625000
vt 0.437500 0.750000
vt 0.375000 0.750000
vt 0.500000 0.812500
vt 0.375000 0.812500
vt 0.500000 0.750000
vt 0.562500 0.750000
vt 0.562500 0.812500
vt 0.500000 0.625000
vt 0.562500 0.625000
vt 0.625000 0.625000
vt 0.562500 0.625000
vt 0.562500 0.750000
vt 0.625000 0.750000
vt 0.437500 0.625000
vt 0.437500 0.750000
vt 0.500000 0.625000
vt 0.562500 0.625000
vt 0.562500 0.750000
vt 0.500000 0.750000
vt 0.625000 0.812500
vt 0.500000 0.812500
vt 0.250000 0.625000
vt 0.312500 0.625000
vt 0.312500 0.687500
vt 0.250000 0.500000
vt 0.312500 0.500000
vt 0.375000 0.500000
vt 0.312500 0.500000
vt 0.312500 0.625000
vt 0.375000 0.625000
vt 0.187500 0.500000
vt 0.187500 0.625000
vt 0.250000 0.500000
vt 0.312500 0.500000
vt 0.312500 0.625000
vt 0.250000 0.625000
vt 0.375000 0.687500
vt 0.250000 0.687500
vt 0.125000 0.625000
vt 0.187500 0.625000
vt 0.187500 0.687500
vt 0.125000 0.500000
vt 0.187500 0.500000
vt 0.250000 0.500000
vt 0.187500 0.500000
vt 0.187500 0.625000
vt 0.250000 0.625000
vt 0.062500 0.500000
vt 0.062500 0.625000
vt 0.125000 0.500000
vt 0.187500 0.500000
vt 0.187500 0.625000
vt 0.125000 0.625000
vt 0.250000 0.687500
vt 0.125000 0.687500
vt 0.000000 0.000000
vt 1.000000 0.000000
vt 1.000000 1.000000
vt 0.000000 1.000000
vn 0.0000 -1.0000 0.0000
vn 0.0000 0.0000 1.0000
vn -0.7071 0.0000 0.7071
vn 1.0000 0.0000 0.0000
vn 0.7071 0.0000 -0.7071
vn -0.0000 0.0000 -1.0000
vn -0.7071 0.0000 -0.7071
vn -1.0000 0.0000 0.0000
vn 0.0000 1.0000 0.0000
vn 0.7071 0.0000 0.7071
vn 0.5000 0.7071 -0.5000
vn -0.7071 0.7071 0.0000
vn 0.0000 0.7071 -0.7071
vn -0.5000 0.7071 0.5000
vn 0.0000 0.7071 0.7071
vn 0.5000 0.7071 0.5000
vn 0.7071 0.7071 -0.0000
vn -0.5000 0.7071 -0.5000
vn -0.3779 0.9258 0.0000
vn 0.3779 0.9258 -0.0000
vn 0.0000 0.9258 0.3779
vn -0.0000 0.9258 -0.3779
vn -0.2672 0.9258 0.2672
vn 0.2672 0.9258 -0.2672
vn 0.2672 0.9258 0.2672
vn -0.2672 0.9258 -0.2672
vn -0.9008 0.4342 0.0000
vn 0.0000 0.4472 -0.8944
vn 0.0000 0.4472 0.8944
vn 0.9008 0.4342 0.0000
vn -0.5000 -0.8660 0.0000
vn 0.5000 0.8660 0.0000
vn -0.3873 0.2236 0.8944
vn -0.8345 -0.5510 0.0000
vn 0.0599 0.9982 0.0000
vn -0.3873 0.2236 -0.8944
vn 0.8345 0.5510 0.0000
vn -0.8660 0.5000 0.0000
vn 0.3873 -0.2236 0.8944
vn 0.3873 -0.2236 -0.8944
vn -0.0599 -0.9982 0.0000
vn -0.6370 0.4342 0.6370
vn -0.6325 0.4472 -0.6325
vn 0.6325 0.4472 0.6325
vn 0.6370 0.4342 -0.6370
vn -0.3536 -0.8660 0.3536
vn 0.3536 0.8660 -0.3536
vn 0.3586 0.2236 0.9063
vn -0.5901 -0.5510 0.5901
vn 0.0424 0.9982 -0.0424
vn -0.9063 0.2236 -0.3586
vn 0.5901 0.5510 -0.5901
vn -0.6124 0.5000 0.6124
vn 0.9063 -0.2236 0.3586
vn -0.3586 -0.2236 -0.9063
vn -0.0424 -0.9982 0.0424
vn 0.0000 0.4342 -0.9008
vn 0.8944 0.4472 0.0000
vn -0.8944 0.4472 0.0000
vn 0.0000 0.4342 0.9008
vn 0.0000 -0.8660 -0.5000
vn 0.0000 0.8660 0.5000
vn -0.8944 0.2236 -0.3873
vn 0.0000 -0.5510 -0.8345
vn 0.0000 0.9982 0.0599
vn 0.8944 0.2236 -0.3873
vn 0.0000 0.5510 0.8345
vn 0.0000 0.5000 -0.8660
vn -0.8944 -0.2236 0.3873
vn 0.8944 -0.2236 0.3873
vn 0.0000 -0.9982 -0.0599
vn -0.6370 0.4342 -0.6370
vn 0.6325 0.4472 -0.6325
vn -0.6325 0.4472 0.6325
vn 0.6370 0.4342 0.6370
vn -0.3536 -0.8660 -0.3536
vn 0.3536 0.8660 0.3536
vn -0.9063 0.2236 0.3586
vn -0.5901 -0.5510 -0.5901
vn 0.0424 0.9982 0.0424
vn 0.3586 0.2236 -0.9063
vn 0.5901 0.5510 0.5901
vn -0.6124 0.5000 -0.6124
vn -0.3586 -0.2236 0.9063
vn 0.9063 -0.2236 -0.3586
vn -0.0424 -0.9982 -0.0424
vn 0.5000 -0.8660 0.0000
vn -0.5000 0.8660 0.0000
vn 0.3873 0.2236 -0.8944
vn 0.8345 -0.5510 0.0000
vn -0.0599 0.9982 0.0000
vn 0.3873 0.2236 0.8944
vn -0.8345 0.5510 0.0000
vn 0.8660 0.5000 0.0000
vn -0.3873 -0.2236 -0.8944
vn -0.3873 -0.2236 0.8944
vn 0.0599 -0.9982 0.0000
vn 0.3536 -0.8660 -0.3536
vn -0.3536 0.8660 0.3536
vn -0.3586 0.2236 -0.9063
vn 0.5901 -0.5510 -0.5901
vn -0.0424 0.9982 0.0424
vn 0.9063 0.2236 0.3586
vn -0.5901 0.5510 0.5901
vn 0.6124 0.5000 -0.6124
vn -0.9063 -0.2236 -0.3586
vn 0.3586 -0.2236 0.9063
vn 0.0424 -0.9982 -0.0424
vn 0.3536 -0.8660 0.3536
vn -0.3536 0.8660 -0.3536
vn 0.9063 0.2236 -0.3586
vn 0.5901 -0.5510 0.5901
vn -0.0424 0.9982 -0.0424
vn -0.3586 0.2236 0.9063
vn -0.5901 0.5510 -0.5901
vn 0.6124 0.5000 0.6124
vn 0.3586 -0.2236 -0.9063
vn -0.9063 -0.2236 0.3586
vn 0.0424 -0.9982 0.0424
usemtl GRAND_DISTILLERY
s off
f 21/1/1 20/2/1 24/3/1
f 20/2/1 204/4/1 24/3/1
f 204/4/1 192/5/1 24/3/1
f 192/5/1 138/6/1 24/3/1
f 138/6/1 22/7/1 24/3/1
f 22/7/1 23/8/1 24/3/1
f 23/8/1 120/9/1 24/3/1
f 120/9/1 21/1/1 24/3/1
f 46/10/2 29/11/2 28/12/2 38/13/2
f 38/14/3 28/15/3 33/16/3 42/17/3
f 43/18/4 27/19/4 26/20/4 39/21/4
f 44/22/5 30/23/5 27/19/5 43/18/5
f 40/24/6 31/25/6 30/26/6 44/27/6
f 41/28/7 32/29/7 31/30/7 40/31/7
f 42/17/8 33/16/8 32/32/8 41/33/8
f 34/34/9 26/20/9 27/19/9 62/35/9
f 35/36/9 28/12/9 29/11/9 61/37/9
f 39/38/10 26/39/10 29/11/10 46/10/10
f 62/40/9 27/41/9 30/26/9 60/42/9
f 60/43/9 30/26/9 31/25/9 36/44/9
f 36/45/9 31/30/9 32/29/9 59/46/9
f 59/47/9 32/48/9 33/49/9 37/50/9
f 61/51/9 29/52/9 26/53/9 34/54/9
f 37/55/9 33/16/9 28/15/9 35/56/9
f 45/57/2 46/10/2 38/13/2 25/58/2
f 42/17/3 47/59/3 25/60/3 38/14/3
f 46/10/10 45/57/10 48/61/10 39/38/10
f 45/62/1 25/63/1 47/64/1 48/65/1
f 70/66/11 62/67/11 60/68/11 65/69/11
f 63/70/12 59/71/12 37/72/12 64/73/12
f 65/74/13 60/75/13 36/76/13 66/77/13
f 64/78/14 37/79/14 35/80/14 67/81/14
f 67/82/15 35/83/15 61/84/15 68/85/15
f 68/86/16 61/87/16 34/88/16 69/89/16
f 69/90/17 34/91/17 62/92/17 70/93/17
f 78/94/9 70/95/9 65/96/9 73/97/9
f 71/98/9 63/99/9 64/100/9 72/101/9
f 73/102/9 65/74/9 66/77/9 74/103/9
f 66/104/18 36/105/18 59/106/18 63/107/18
f 72/108/9 64/109/9 67/110/9 75/111/9
f 75/112/9 67/113/9 68/114/9 76/115/9
f 76/116/9 68/117/9 69/118/9 77/119/9
f 77/120/9 69/121/9 70/122/9 78/123/9
f 58/124/14 78/125/14 73/102/14 51/126/14
f 53/127/17 71/128/17 72/129/17 54/130/17
f 51/126/15 73/102/15 74/103/15 52/131/15
f 74/132/9 66/133/9 63/134/9 71/135/9
f 54/136/11 72/137/11 75/138/11 55/139/11
f 55/139/13 75/138/13 76/140/13 56/141/13
f 56/142/18 76/143/18 77/144/18 57/145/18
f 57/145/12 77/144/12 78/146/12 58/147/12
f 52/148/16 74/149/16 71/128/16 53/127/16
f 53/150/9 79/151/9 52/152/9
f 52/153/9 79/151/9 51/154/9
f 51/155/9 79/151/9 58/156/9
f 58/157/9 79/151/9 57/158/9
f 57/159/9 79/151/9 56/160/9
f 56/161/9 79/151/9 55/162/9
f 55/163/9 79/151/9 54/164/9
f 54/165/9 79/151/9 53/166/9
f 43/18/4 39/21/4 48/167/4 81/168/4
f 42/17/8 41/33/8 80/169/8 47/59/8
f 44/22/5 43/18/5 84/170/5 85/171/5
f 40/24/6 44/27/6 85/172/6 82/173/6
f 41/28/7 40/31/7 82/174/7 83/175/7
f 80/176/1 81/177/1 48/65/1 47/64/1
f 88/178/1 86/179/1 84/180/1
f 89/181/1 83/182/1 87/183/1
f 49/184/1 50/185/1 86/186/1 87/187/1
f 86/186/1 88/188/1 89/189/1 87/187/1
usemtl MIRROR_LABYRINTH
f 1/190/8 197/191/8 4/192/8 156/193/8
f 1/190/12 154/194/12 2/195/12 197/191/12
f 164/196/19 104/197/19 201/198/19 157/199/19
f 196/200/12 153/201/12 156/193/12 4/192/12
f 163/202/17 102/203/17 3/204/17 155/205/17
f 155/205/4 3/204/4 5/206/4 11/207/4
f 9/208/9 6/209/9 207/210/9 208/211/9
f 160/212/9 12/213/9 13/214/9 16/215/9
f 16/215/4 14/216/4 159/217/4 160/212/4
f 8/218/4 7/219/4 15/220/4 17/221/4
f 6/222/8 9/223/8 18/224/8 10/225/8
f 19/226/4 20/227/4 21/228/4 162/229/4
f 159/217/17 14/216/17 19/226/17 162/229/17
f 90/230/8 91/231/8 93/232/8 92/233/8
f 100/234/9 99/235/9 98/236/9 101/237/9
f 96/238/4 97/239/4 95/240/4 94/241/4
f 93/232/12 91/231/12 98/242/12 99/243/12
f 95/240/17 97/239/17 100/234/17 101/237/17
f 157/199/9 201/198/9 102/244/9 163/245/9
f 206/246/9 103/247/9 153/248/9 196/249/9
f 103/247/20 206/246/20 104/197/20 164/196/20
f 167/250/2 107/251/2 112/252/2 111/253/2
f 167/250/15 168/254/15 108/255/15 107/251/15
f 180/256/21 124/257/21 113/258/21 172/259/21
f 106/260/15 105/261/15 111/253/15 112/252/15
f 121/262/13 122/263/13 110/264/13 109/265/13
f 109/265/6 110/264/6 114/266/6 173/267/6
f 116/268/9 174/269/9 115/270/9 158/271/9
f 158/271/6 161/272/6 117/273/6 116/268/6
f 118/274/6 120/275/6 23/276/6 119/277/6
f 117/273/13 161/272/13 118/274/13 119/277/13
f 172/259/9 113/258/9 122/278/9 121/279/9
f 123/280/9 179/281/9 105/282/9 106/283/9
f 179/281/22 123/280/22 124/257/22 180/256/22
f 126/284/4 166/285/4 170/286/4 130/287/4
f 126/284/17 127/288/17 128/289/17 166/285/17
f 141/290/20 142/291/20 171/292/20 185/293/20
f 165/294/17 125/295/17 130/287/17 170/286/17
f 139/296/12 177/297/12 169/298/12 129/299/12
f 129/299/8 169/298/8 131/300/8 132/301/8
f 189/302/9 133/303/9 134/304/9 135/305/9
f 135/305/8 175/306/8 136/307/8 189/302/8
f 176/308/8 22/309/8 138/310/8 137/311/8
f 136/307/12 175/306/12 176/308/12 137/311/12
f 185/293/9 171/292/9 177/312/9 139/313/9
f 178/314/9 140/315/9 125/316/9 165/317/9
f 140/315/19 178/314/19 142/291/19 141/290/19
f 143/318/6 144/319/6 184/320/6 200/321/6
f 143/318/13 145/322/13 182/323/13 144/319/13
f 152/324/22 195/325/22 147/326/22 146/327/22
f 181/328/13 198/329/13 200/321/13 184/320/13
f 205/330/15 193/331/15 183/332/15 199/333/15
f 199/333/2 183/332/2 186/334/2 148/335/2
f 202/336/9 149/337/9 187/338/9 188/339/9
f 188/339/2 190/340/2 150/341/2 202/336/2
f 191/342/2 192/343/2 204/344/2 203/345/2
f 150/341/15 190/340/15 191/342/15 203/345/15
f 146/327/9 147/326/9 193/346/9 205/347/9
f 194/348/9 151/349/9 198/350/9 181/351/9
f 151/349/21 194/348/21 195/325/21 152/324/21
f 107/251/3 1/190/3 156/193/3 112/252/3
f 107/352/14 108/353/14 154/354/14 1/355/14
f 124/257/23 164/196/23 157/199/23 113/258/23
f 153/248/14 106/283/14 112/356/14 156/357/14
f 122/358/11 163/359/11 155/360/11 110/361/11
f 110/361/5 155/360/5 11/362/5 114/363/5
f 158/271/9 115/270/9 12/213/9 160/212/9
f 160/364/5 159/365/5 161/366/5 158/367/5
f 162/368/5 21/369/5 120/370/5 118/371/5
f 161/366/11 159/365/11 162/368/11 118/371/11
f 113/258/9 157/199/9 163/245/9 122/278/9
f 103/247/9 123/280/9 106/283/9 153/248/9
f 123/280/24 103/247/24 164/196/24 124/257/24
f 166/285/10 167/250/10 111/253/10 170/286/10
f 166/372/16 128/373/16 168/374/16 167/375/16
f 142/291/25 180/256/25 172/259/25 171/292/25
f 105/282/16 165/317/16 170/376/16 111/377/16
f 177/378/18 121/379/18 109/380/18 169/381/18
f 169/381/7 109/380/7 173/382/7 131/383/7
f 135/305/9 134/304/9 174/269/9 116/268/9
f 116/384/7 117/385/7 175/386/7 135/387/7
f 119/388/7 23/389/7 22/390/7 176/391/7
f 175/386/18 117/385/18 119/388/18 176/391/18
f 171/292/9 172/259/9 121/279/9 177/312/9
f 179/281/9 178/314/9 165/317/9 105/282/9
f 178/314/26 179/281/26 180/256/26 142/291/26
f 144/319/5 126/284/5 130/287/5 184/320/5
f 144/392/11 182/393/11 127/394/11 126/395/11
f 195/325/24 141/290/24 185/293/24 147/326/24
f 125/316/11 181/351/11 184/396/11 130/397/11
f 193/398/14 139/399/14 129/400/14 183/401/14
f 183/401/3 129/400/3 132/402/3 186/403/3
f 188/339/9 187/338/9 133/303/9 189/302/9
f 189/404/3 136/405/3 190/406/3 188/407/3
f 137/408/3 138/409/3 192/410/3 191/411/3
f 190/406/14 136/405/14 137/408/14 191/411/14
f 147/326/9 185/293/9 139/313/9 193/346/9
f 140/315/9 194/348/9 181/351/9 125/316/9
f 194/348/23 140/315/23 141/290/23 195/325/23
f 197/191/7 143/318/7 200/321/7 4/192/7
f 197/412/18 2/413/18 145/414/18 143/415/18
f 104/197/26 152/324/26 146/327/26 201/198/26
f 198/350/18 196/249/18 4/416/18 200/417/18
f 102/418/16 205/419/16 199/420/16 3/421/16
f 3/421/10 199/420/10 148/422/10 5/423/10
f 16/215/9 13/214/9 149/337/9 202/336/9
f 202/424/10 150/425/10 14/426/10 16/427/10
f 203/428/10 204/429/10 20/430/10 19/431/10
f 14/426/16 150/425/16 203/428/16 19/431/16
f 201/198/9 146/327/9 205/347/9 102/244/9
f 151/349/9 206/246/9 196/249/9 198/350/9
f 206/246/25 151/349/25 152/324/25 104/197/25
f 7/432/9 8/433/9 210/434/9 209/435/9
f 214/436/6 212/437/6 217/438/6 215/439/6
f 213/440/8 214/441/8 215/442/8 218/443/8
f 218/444/27 215/445/27 220/446/27 221/447/27
f 211/448/2 213/449/2 218/450/2 216/451/2
f 212/452/4 211/453/4 216/454/4 217/455/4
f 219/456/4 222/457/4 226/458/4 223/459/4
f 215/460/28 217/461/28 219/462/28 220/463/28
f 216/464/29 218/465/29 221/466/29 222/467/29
f 217/468/30 216/469/30 222/457/30 219/456/30
f 222/467/2 221/466/2 225/470/2 226/471/2
f 221/447/8 220/446/8 224/472/8 225/473/8
f 220/463/6 219/462/6 223/474/6 224/475/6
f 229/476/2 230/477/2 235/478/2 236/479/2
f 237/480/6 238/481/6 228/482/6 227/483/6
f 229/484/31 236/485/31 237/480/31 227/483/31
f 235/486/32 230/487/32 228/482/32 238/481/32
f 234/488/33 233/489/33 236/479/33 235/478/33
f 233/490/34 231/491/34 237/480/34 236/485/34
f 232/492/35 234/493/35 235/486/35 238/481/35
f 231/494/36 232/495/36 238/481/36 237/480/36
f 232/496/32 242/497/32 239/498/32 234/499/32
f 231/500/6 241/501/6 242/497/6 232/496/6
f 233/502/31 240/503/31 241/501/31 231/500/31
f 239/504/37 242/505/37 248/506/37 245/507/37
f 213/449/2 211/448/2 244/508/2
f 212/437/6 214/436/6 243/509/6
f 214/441/8 213/440/8 244/510/8 243/511/8
f 246/512/38 245/513/38 248/514/38 247/515/38
f 240/516/39 239/517/39 245/518/39 246/519/39
f 242/520/40 241/521/40 247/522/40 248/506/40
f 241/523/41 240/524/41 246/525/41 247/522/41
f 234/526/2 239/527/2 240/528/2 233/529/2
f 261/530/6 259/531/6 264/532/6 262/533/6
f 260/534/8 261/535/8 262/536/8 265/537/8
f 265/538/27 262/539/27 267/540/27 268/541/27
f 258/542/2 260/543/2 265/544/2 263/545/2
f 259/546/4 258/547/4 263/548/4 264/549/4
f 266/550/4 269/551/4 273/552/4 270/553/4
f 262/554/28 264/555/28 266/556/28 267/557/28
f 263/558/29 265/559/29 268/560/29 269/561/29
f 264/562/30 263/563/30 269/551/30 266/550/30
f 269/561/2 268/560/2 272/564/2 273/565/2
f 268/541/8 267/540/8 271/566/8 272/567/8
f 267/557/6 266/556/6 270/568/6 271/569/6
f 276/570/2 277/571/2 282/572/2 283/573/2
f 284/574/6 285/575/6 275/576/6 274/577/6
f 276/578/31 283/579/31 284/574/31 274/577/31
f 282/580/32 277/581/32 275/576/32 285/575/32
f 281/582/33 280/583/33 283/573/33 282/572/33
f 280/584/34 278/585/34 284/574/34 283/579/34
f 279/586/35 281/587/35 282/580/35 285/575/35
f 278/588/36 279/589/36 285/575/36 284/574/36
f 279/590/32 289/591/32 286/592/32 281/593/32
f 278/594/6 288/595/6 289/591/6 279/590/6
f 280/596/31 287/597/31 288/595/31 278/594/31
f 286/598/37 289/599/37 295/600/37 292/601/37
f 260/543/2 258/542/2 291/602/2
f 259/531/6 261/530/6 290/603/6
f 261/535/8 260/534/8 291/604/8 290/605/8
f 293/606/38 292/607/38 295/608/38 294/609/38
f 287/610/39 286/611/39 292/612/39 293/613/39
f 289/614/40 288/615/40 294/616/40 295/600/40
f 288/617/41 287/618/41 293/619/41 294/616/41
f 281/620/2 286/621/2 287/622/2 280/623/2
f 308/624/7 306/625/7 311/626/7 309/627/7
f 307/628/3 308/629/3 309/630/3 312/631/3
f 312/632/42 309/633/42 314/634/42 315/635/42
f 305/636/10 307/637/10 312/638/10 310/639/10
f 306/640/5 305/641/5 310/642/5 311/643/5
f 313/644/5 316/645/5 320/646/5 317/647/5
f 309/648/43 311/649/43 313/650/43 314/651/43
f 310/652/44 312/653/44 315/654/44 316/655/44
f 311/656/45 310/657/45 316/645/45 313/644/45
f 316/655/10 315/654/10 319/658/10 320/659/10
f 315/635/3 314/634/3 318/660/3 319/661/3
f 314/651/7 313/650/7 317/662/7 318/663/7
f 323/664/10 324/665/10 329/666/10 330/667/10
f 331/668/7 332/669/7 322/670/7 321/671/7
f 323/672/46 330/673/46 331/668/46 321/671/46
f 329/674/47 324/675/47 322/670/47 332/669/47
f 328/676/48 327/677/48 330/667/48 329/666/48
f 327/678/49 325/679/49 331/668/49 330/673/49
f 326/680/50 328/681/50 329/674/50 332/669/50
f 325/682/51 326/683/51 332/669/51 331/668/51
f 326/684/47 336/685/47 333/686/47 328/687/47
f 325/688/7 335/689/7 336/685/7 326/684/7
f 327/690/46 334/691/46 335/689/46 325/688/46
f 333/692/52 336/693/52 342/694/52 339/695/52
f 307/637/10 305/636/10 338/696/10
f 306/625/7 308/624/7 337/697/7
f 308/629/3 307/628/3 338/698/3 337/699/3
f 340/700/53 339/701/53 342/702/53 341/703/53
f 334/704/54 333/705/54 339/706/54 340/707/54
f 336/708/55 335/709/55 341/710/55 342/694/55
f 335/711/56 334/712/56 340/713/56 341/710/56
f 328/714/10 333/715/10 334/716/10 327/717/10
f 355/718/7 353/719/7 358/720/7 356/721/7
f 354/722/3 355/723/3 356/724/3 359/725/3
f 359/726/42 356/727/42 361/728/42 362/729/42
f 352/730/10 354/731/10 359/732/10 357/733/10
f 353/734/5 352/735/5 357/736/5 358/737/5
f 360/738/5 363/739/5 367/740/5 364/741/5
f 356/742/43 358/743/43 360/744/43 361/745/43
f 357/746/44 359/747/44 362/748/44 363/749/44
f 358/750/45 357/751/45 363/739/45 360/738/45
f 363/749/10 362/748/10 366/752/10 367/753/10
f 362/729/3 361/728/3 365/754/3 366/755/3
f 361/745/7 360/744/7 364/756/7 365/757/7
f 370/758/10 371/759/10 376/760/10 377/761/10
f 378/762/7 379/763/7 369/764/7 368/765/7
f 370/766/46 377/767/46 378/762/46 368/765/46
f 376/768/47 371/769/47 369/764/47 379/763/47
f 375/770/48 374/771/48 377/761/48 376/760/48
f 374/772/49 372/773/49 378/762/49 377/767/49
f 373/774/50 375/775/50 376/768/50 379/763/50
f 372/776/51 373/777/51 379/763/51 378/762/51
f 373/778/47 383/779/47 380/780/47 375/781/47
f 372/782/7 382/783/7 383/779/7 373/778/7
f 374/784/46 381/785/46 382/783/46 372/782/46
f 380/786/52 383/787/52 389/788/52 386/789/52
f 354/731/10 352/730/10 385/790/10
f 353/719/7 355/718/7 384/791/7
f 355/723/3 354/722/3 385/792/3 384/793/3
f 387/794/53 386/795/53 389/796/53 388/797/53
f 381/798/54 380/799/54 386/800/54 387/801/54
f 383/802/55 382/803/55 388/804/55 389/788/55
f 382/805/56 381/806/56 387/807/56 388/804/56
f 375/808/10 380/809/10 381/810/10 374/811/10
f 402/812/4 400/813/4 405/814/4 403/815/4
f 401/816/6 402/817/6 403/818/6 406/819/6
f 406/820/57 403/821/57 408/822/57 409/823/57
f 399/824/8 401/825/8 406/826/8 404/827/8
f 400/828/2 399/829/2 404/830/2 405/831/2
f 407/832/2 410/833/2 414/834/2 411/835/2
f 403/836/58 405/837/58 407/838/58 408/839/58
f 404/840/59 406/841/59 409/842/59 410/843/59
f 405/844/60 404/845/60 410/833/60 407/832/60
f 410/843/8 409/842/8 413/846/8 414/847/8
f 409/823/6 408/822/6 412/848/6 413/849/6
f 408/839/4 407/838/4 411/850/4 412/851/4
f 417/852/8 418/853/8 423/854/8 424/855/8
f 425/856/4 426/857/4 416/858/4 415/859/4
f 417/860/61 424/861/61 425/856/61 415/859/61
f 423/862/62 418/863/62 416/858/62 426/857/62
f 422/864/63 421/865/63 424/855/63 423/854/63
f 421/866/64 419/867/64 425/856/64 424/861/64
f 420/868/65 422/869/65 423/862/65 426/857/65
f 419/870/66 420/871/66 426/857/66 425/856/66
f 420/872/62 430/873/62 427/874/62 422/875/62
f 419/876/4 429/877/4 430/873/4 420/872/4
f 421/878/61 428/879/61 429/877/61 419/876/61
f 427/880/67 430/881/67 436/882/67 433/883/67
f 401/825/8 399/824/8 432/884/8
f 400/813/4 402/812/4 431/885/4
f 402/817/6 401/816/6 432/886/6 431/887/6
f 434/888/68 433/889/68 436/890/68 435/891/68
f 428/892/69 427/893/69 433/894/69 434/895/69
f 430/896/70 429/897/70 435/898/70 436/882/70
f 429/899/71 428/900/71 434/901/71 435/898/71
f 422/902/8 427/903/8 428/904/8 421/905/8
f 449/906/4 447/907/4 452/908/4 450/909/4
f 448/910/6 449/911/6 450/912/6 453/913/6
f 453/914/57 450/915/57 455/916/57 456/917/57
f 446/918/8 448/919/8 453/920/8 451/921/8
f 447/922/2 446/923/2 451/924/2 452/925/2
f 454/926/2 457/927/2 461/928/2 458/929/2
f 450/930/58 452/931/58 454/932/58 455/933/58
f 451/934/59 453/935/59 456/936/59 457/937/59
f 452/938/60 451/939/60 457/927/60 454/926/60
f 457/937/8 456/936/8 460/940/8 461/941/8
f 456/917/6 455/916/6 459/942/6 460/943/6
f 455/933/4 454/932/4 458/944/4 459/945/4
f 464/946/8 465/947/8 470/948/8 471/949/8
f 472/950/4 473/951/4 463/952/4 462/953/4
f 464/954/61 471/955/61 472/950/61 462/953/61
f 470/956/62 465/957/62 463/952/62 473/951/62
f 469/958/63 468/959/63 471/949/63 470/948/63
f 468/960/64 466/961/64 472/950/64 471/955/64
f 467/962/65 469/963/65 470/956/65 473/951/65
f 466/964/66 467/965/66 473/951/66 472/950/66
f 467/966/62 477/967/62 474/968/62 469/969/62
f 466/970/4 476/971/4 477/967/4 467/966/4
f 468/972/61 475/973/61 476/971/61 466/970/61
f 474/974/67 477/975/67 483/976/67 480/977/67
f 448/919/8 446/918/8 479/978/8
f 447/907/4 449/906/4 478/979/4
f 449/911/6 448/910/6 479/980/6 478/981/6
f 481/982/68 480/983/68 483/984/68 482/985/68
f 475/986/69 474/987/69 480/988/69 481/989/69
f 477/990/70 476/991/70 482/992/70 483/976/70
f 476/993/71 475/994/71 481/995/71 482/992/71
f 469/996/8 474/997/8 475/998/8 468/999/8
f 496/1000/5 494/1001/5 499/1002/5 497/1003/5
f 495/1004/7 496/1005/7 497/1006/7 500/1007/7
f 500/1008/72 497/1009/72 502/1010/72 503/1011/72
f 493/1012/3 495/1013/3 500/1014/3 498/1015/3
f 494/1016/10 493/1017/10 498/1018/10 499/1019/10
f 501/1020/10 504/1021/10 508/1022/10 505/1023/10
f 497/1024/73 499/1025/73 501/1026/73 502/1027/73
f 498/1028/74 500/1029/74 503/1030/74 504/1031/74
f 499/1032/75 498/1033/75 504/1021/75 501/1020/75
f 504/1031/3 503/1030/3 507/1034/3 508/1035/3
f 503/1011/7 502/1010/7 506/1036/7 507/1037/7
f 502/1027/5 501/1026/5 505/1038/5 506/1039/5
f 511/1040/3 512/1041/3 517/1042/3 518/1043/3
f 519/1044/5 520/1045/5 510/1046/5 509/1047/5
f 511/1048/76 518/1049/76 519/1044/76 509/1047/76
f 517/1050/77 512/1051/77 510/1046/77 520/1045/77
f 516/1052/78 515/1053/78 518/1043/78 517/1042/78
f 515/1054/79 513/1055/79 519/1044/79 518/1049/79
f 514/1056/80 516/1057/80 517/1050/80 520/1045/80
f 513/1058/81 514/1059/81 520/1045/81 519/1044/81
f 514/1060/77 524/1061/77 521/1062/77 516/1063/77
f 513/1064/5 523/1065/5 524/1061/5 514/1060/5
f 515/1066/76 522/1067/76 523/1065/76 513/1064/76
f 521/1068/82 524/1069/82 530/1070/82 527/1071/82
f 495/1013/3 493/1012/3 526/1072/3
f 494/1001/5 496/1000/5 525/1073/5
f 496/1005/7 495/1004/7 526/1074/7 525/1075/7
f 528/1076/83 527/1077/83 530/1078/83 529/1079/83
f 522/1080/84 521/1081/84 527/1082/84 528/1083/84
f 524/1084/85 523/1085/85 529/1086/85 530/1070/85
f 523/1087/86 522/1088/86 528/1089/86 529/1086/86
f 516/1090/3 521/1091/3 522/1092/3 515/1093/3
f 543/1094/5 541/1095/5 546/1096/5 544/1097/5
f 542/1098/7 543/1099/7 544/1100/7 547/1101/7
f 547/1102/72 544/1103/72 549/1104/72 550/1105/72
f 540/1106/3 542/1107/3 547/1108/3 545/1109/3
f 541/1110/10 540/1111/10 545/1112/10 546/1113/10
f 548/1114/10 551/1115/10 555/1116/10 552/1117/10
f 544/1118/73 546/1119/73 548/1120/73 549/1121/73
f 545/1122/74 547/1123/74 550/1124/74 551/1125/74
f 546/1126/75 545/1127/75 551/1115/75 548/1114/75
f 551/1125/3 550/1124/3 554/1128/3 555/1129/3
f 550/1105/7 549/1104/7 553/1130/7 554/1131/7
f 549/1121/5 548/1120/5 552/1132/5 553/1133/5
f 558/1134/3 559/1135/3 564/1136/3 565/1137/3
f 566/1138/5 567/1139/5 557/1140/5 556/1141/5
f 558/1142/76 565/1143/76 566/1138/76 556/1141/76
f 564/1144/77 559/1145/77 557/1140/77 567/1139/77
f 563/1146/78 562/1147/78 565/1137/78 564/1136/78
f 562/1148/79 560/1149/79 566/1138/79 565/1143/79
f 561/1150/80 563/1151/80 564/1144/80 567/1139/80
f 560/1152/81 561/1153/81 567/1139/81 566/1138/81
f 561/1154/77 571/1155/77 568/1156/77 563/1157/77
f 560/1158/5 570/1159/5 571/1155/5 561/1154/5
f 562/1160/76 569/1161/76 570/1159/76 560/1158/76
f 568/1162/82 571/1163/82 577/1164/82 574/1165/82
f 542/1107/3 540/1106/3 573/1166/3
f 541/1095/5 543/1094/5 572/1167/5
f 543/1099/7 542/1098/7 573/1168/7 572/1169/7
f 575/1170/83 574/1171/83 577/1172/83 576/1173/83
f 569/1174/84 568/1175/84 574/1176/84 575/1177/84
f 571/1178/85 570/1179/85 576/1180/85 577/1164/85
f 570/1181/86 569/1182/86 575/1183/86 576/1180/86
f 563/1184/3 568/1185/3 569/1186/3 562/1187/3
f 590/1188/2 588/1189/2 593/1190/2 591/1191/2
f 589/1192/4 590/1193/4 591/1194/4 594/1195/4
f 594/1196/30 591/1197/30 596/1198/30 597/1199/30
f 587/1200/6 589/1201/6 594/1202/6 592/1203/6
f 588/1204/8 587/1205/8 592/1206/8 593/1207/8
f 595/1208/8 598/1209/8 602/1210/8 599/1211/8
f 591/1212/29 593/1213/29 595/1214/29 596/1215/29
f 592/1216/28 594/1217/28 597/1218/28 598/1219/28
f 593/1220/27 592/1221/27 598/1209/27 595/1208/27
f 598/1219/6 597/1218/6 601/1222/6 602/1223/6
f 597/1199/4 596/1198/4 600/1224/4 601/1225/4
f 596/1215/2 595/1214/2 599/1226/2 600/1227/2
f 605/1228/6 606/1229/6 611/1230/6 612/1231/6
f 613/1232/2 614/1233/2 604/1234/2 603/1235/2
f 605/1236/87 612/1237/87 613/1232/87 603/1235/87
f 611/1238/88 606/1239/88 604/1234/88 614/1233/88
f 610/1240/89 609/1241/89 612/1231/89 611/1230/89
f 609/1242/90 607/1243/90 613/1232/90 612/1237/90
f 608/1244/91 610/1245/91 611/1238/91 614/1233/91
f 607/1246/92 608/1247/92 614/1233/92 613/1232/92
f 608/1248/88 618/1249/88 615/1250/88 610/1251/88
f 607/1252/2 617/1253/2 618/1249/2 608/1248/2
f 609/1254/87 616/1255/87 617/1253/87 607/1252/87
f 615/1256/93 618/1257/93 624/1258/93 621/1259/93
f 589/1201/6 587/1200/6 620/1260/6
f 588/1189/2 590/1188/2 619/1261/2
f 590/1193/4 589/1192/4 620/1262/4 619/1263/4
f 622/1264/94 621/1265/94 624/1266/94 623/1267/94
f 616/1268/95 615/1269/95 621/1270/95 622/1271/95
f 618/1272/96 617/1273/96 623/1274/96 624/1258/96
f 617/1275/97 616/1276/97 622/1277/97 623/1274/97
f 610/1278/6 615/1279/6 616/1280/6 609/1281/6
f 637/1282/2 635/1283/2 640/1284/2 638/1285/2
f 636/1286/4 637/1287/4 638/1288/4 641/1289/4
f 641/1290/30 638/1291/30 643/1292/30 644/1293/30
f 634/1294/6 636/1295/6 641/1296/6 639/1297/6
f 635/1298/8 634/1299/8 639/1300/8 640/1301/8
f 642/1302/8 645/1303/8 649/1304/8 646/1305/8
f 638/1306/29 640/1307/29 642/1308/29 643/1309/29
f 639/1310/28 641/1311/28 644/1312/28 645/1313/28
f 640/1314/27 639/1315/27 645/1303/27 642/1302/27
f 645/1313/6 644/1312/6 648/1316/6 649/1317/6
f 644/1293/4 643/1292/4 647/1318/4 648/1319/4
f 643/1309/2 642/1308/2 646/1320/2 647/1321/2
f 652/1322/6 653/1323/6 658/1324/6 659/1325/6
f 660/1326/2 661/1327/2 651/1328/2 650/1329/2
f 652/1330/87 659/1331/87 660/1326/87 650/1329/87
f 658/1332/88 653/1333/88 651/1328/88 661/1327/88
f 657/1334/89 656/1335/89 659/1325/89 658/1324/89
f 656/1336/90 654/1337/90 660/1326/90 659/1331/90
f 655/1338/91 657/1339/91 658/1332/91 661/1327/91
f 654/1340/92 655/1341/92 661/1327/92 660/1326/92
f 655/1342/88 665/1343/88 662/1344/88 657/1345/88
f 654/1346/2 664/1347/2 665/1343/2 655/1342/2
f 656/1348/87 663/1349/87 664/1347/87 654/1346/87
f 662/1350/93 665/1351/93 671/1352/93 668/1353/93
f 636/1295/6 634/1294/6 667/1354/6
f 635/1283/2 637/1282/2 666/1355/2
f 637/1287/4 636/1286/4 667/1356/4 666/1357/4
f 669/1358/94 668/1359/94 671/1360/94 670/1361/94
f 663/1362/95 662/1363/95 668/1364/95 669/1365/95
f 665/1366/96 664/1367/96 670/1368/96 671/1352/96
f 664/1369/97 663/1370/97 669/1371/97 670/1368/97
f 657/1372/6 662/1373/6 663/1374/6 656/1375/6
f 684/1376/10 682/1377/10 687/1378/10 685/1379/10
f 683/1380/5 684/1381/5 685/1382/5 688/1383/5
f 688/1384/45 685/1385/45 690/1386/45 691/1387/45
f 681/1388/7 683/1389/7 688/1390/7 686/1391/7
f 682/1392/3 681/1393/3 686/1394/3 687/1395/3
f 689/1396/3 692/1397/3 696/1398/3 693/1399/3
f 685/1400/44 687/1401/44 689/1402/44 690/1403/44
f 686/1404/43 688/1405/43 691/1406/43 692/1407/43
f 687/1408/42 686/1409/42 692/1397/42 689/1396/42
f 692/1407/7 691/1406/7 695/1410/7 696/1411/7
f 691/1387/5 690/1386/5 694/1412/5 695/1413/5
f 690/1403/10 689/1402/10 693/1414/10 694/1415/10
f 699/1416/7 700/1417/7 705/1418/7 706/1419/7
f 707/1420/10 708/1421/10 698/1422/10 697/1423/10
f 699/1424/98 706/1425/98 707/1420/98 697/1423/98
f 705/1426/99 700/1427/99 698/1422/99 708/1421/99
f 704/1428/100 703/1429/100 706/1419/100 705/1418/100
f 703/1430/101 701/1431/101 707/1420/101 706/1425/101
f 702/1432/102 704/1433/102 705/1426/102 708/1421/102
f 701/1434/103 702/1435/103 708/1421/103 707/1420/103
f 702/1436/99 712/1437/99 709/1438/99 704/1439/99
f 701/1440/10 711/1441/10 712/1437/10 702/1436/10
f 703/1442/98 710/1443/98 711/1441/98 701/1440/98
f 709/1444/104 712/1445/104 718/1446/104 715/1447/104
f 683/1389/7 681/1388/7 714/1448/7
f 682/1377/10 684/1376/10 713/1449/10
f 684/1381/5 683/1380/5 714/1450/5 713/1451/5
f 716/1452/105 715/1453/105 718/1454/105 717/1455/105
f 710/1456/106 709/1457/106 715/1458/106 716/1459/106
f 712/1460/107 711/1461/107 717/1462/107 718/1446/107
f 711/1463/108 710/1464/108 716/1465/108 717/1462/108
f 704/1466/7 709/1467/7 710/1468/7 703/1469/7
f 731/1470/10 729/1471/10 734/1472/10 732/1473/10
f 730/1474/5 731/1475/5 732/1476/5 735/1477/5
f 735/1478/45 732/1479/45 737/1480/45 738/1481/45
f 728/1482/7 730/1483/7 735/1484/7 733/1485/7
f 729/1486/3 728/1487/3 733/1488/3 734/1489/3
f 736/1490/3 739/1491/3 743/1492/3 740/1493/3
f 732/1494/44 734/1495/44 736/1496/44 737/1497/44
f 733/1498/43 735/1499/43 738/1500/43 739/1501/43
f 734/1502/42 733/1503/42 739/1491/42 736/1490/42
f 739/1501/7 738/1500/7 742/1504/7 743/1505/7
f 738/1481/5 737/1480/5 741/1506/5 742/1507/5
f 737/1497/10 736/1496/10 740/1508/10 741/1509/10
f 746/1510/7 747/1511/7 752/1512/7 753/1513/7
f 754/1514/10 755/1515/10 745/1516/10 744/1517/10
f 746/1518/98 753/1519/98 754/1514/98 744/1517/98
f 752/1520/99 747/1521/99 745/1516/99 755/1515/99
f 751/1522/100 750/1523/100 753/1513/100 752/1512/100
f 750/1524/101 748/1525/101 754/1514/101 753/1519/101
f 749/1526/102 751/1527/102 752/1520/102 755/1515/102
f 748/1528/103 749/1529/103 755/1515/103 754/1514/103
f 749/1530/99 759/1531/99 756/1532/99 751/1533/99
f 748/1534/10 758/1535/10 759/1531/10 749/1530/10
f 750/1536/98 757/1537/98 758/1535/98 748/1534/98
f 756/1538/104 759/1539/104 765/1540/104 762/1541/104
f 730/1483/7 728/1482/7 761/1542/7
f 729/1471/10 731/1470/10 760/1543/10
f 731/1475/5 730/1474/5 761/1544/5 760/1545/5
f 763/1546/105 762/1547/105 765/1548/105 764/1549/105
f 757/1550/106 756/1551/106 762/1552/106 763/1553/106
f 759/1554/107 758/1555/107 764/1556/107 765/1540/107
f 758/1557/108 757/1558/108 763/1559/108 764/1556/108
f 751/1560/7 756/1561/7 757/1562/7 750/1563/7
f 778/1564/3 776/1565/3 781/1566/3 779/1567/3
f 777/1568/10 778/1569/10 779/1570/10 782/1571/10
f 782/1572/75 779/1573/75 784/1574/75 785/1575/75
f 775/1576/5 777/1577/5 782/1578/5 780/1579/5
f 776/1580/7 775/1581/7 780/1582/7 781/1583/7
f 783/1584/7 786/1585/7 790/1586/7 787/1587/7
f 779/1588/74 781/1589/74 783/1590/74 784/1591/74
f 780/1592/73 782/1593/73 785/1594/73 786/1595/73
f 781/1596/72 780/1597/72 786/1585/72 783/1584/72
f 786/1595/5 785/1594/5 789/1598/5 790/1599/5
f 785/1575/10 784/1574/10 788/1600/10 789/1601/10
f 784/1591/3 783/1590/3 787/1602/3 788/1603/3
f 793/1604/5 794/1605/5 799/1606/5 800/1607/5
f 801/1608/3 802/1609/3 792/1610/3 791/1611/3
f 793/1612/109 800/1613/109 801/1608/109 791/1611/109
f 799/1614/110 794/1615/110 792/1610/110 802/1609/110
f 798/1616/111 797/1617/111 800/1607/111 799/1606/111
f 797/1618/112 795/1619/112 801/1608/112 800/1613/112
f 796/1620/113 798/1621/113 799/1614/113 802/1609/113
f 795/1622/114 796/1623/114 802/1609/114 801/1608/114
f 796/1624/110 806/1625/110 803/1626/110 798/1627/110
f 795/1628/3 805/1629/3 806/1625/3 796/1624/3
f 797/1630/109 804/1631/109 805/1629/109 795/1628/109
f 803/1632/115 806/1633/115 812/1634/115 809/1635/115
f 777/1577/5 775/1576/5 808/1636/5
f 776/1565/3 778/1564/3 807/1637/3
f 778/1569/10 777/1568/10 808/1638/10 807/1639/10
f 810/1640/116 809/1641/116 812/1642/116 811/1643/116
f 804/1644/117 803/1645/117 809/1646/117 810/1647/117
f 806/1648/118 805/1649/118 811/1650/118 812/1634/118
f 805/1651/119 804/1652/119 810/1653/119 811/1650/119
f 798/1654/5 803/1655/5 804/1656/5 797/1657/5
f 825/1658/3 823/1659/3 828/1660/3 826/1661/3
f 824/1662/10 825/1663/10 826/1664/10 829/1665/10
f 829/1666/75 826/1667/75 831/1668/75 832/1669/75
f 822/1670/5 824/1671/5 829/1672/5 827/1673/5
f 823/1674/7 822/1675/7 827/1676/7 828/1677/7
f 830/1678/7 833/1679/7 837/1680/7 834/1681/7
f 826/1682/74 828/1683/74 830/1684/74 831/1685/74
f 827/1686/73 829/1687/73 832/1688/73 833/1689/73
f 828/1690/72 827/1691/72 833/1679/72 830/1678/72
f 833/1689/5 832/1688/5 836/1692/5 837/1693/5
f 832/1669/10 831/1668/10 835/1694/10 836/1695/10
f 831/1685/3 830/1684/3 834/1696/3 835/1697/3
f 840/1698/5 841/1699/5 846/1700/5 847/1701/5
f 848/1702/3 849/1703/3 839/1704/3 838/1705/3
f 840/1706/109 847/1707/109 848/1702/109 838/1705/109
f 846/1708/110 841/1709/110 839/1704/110 849/1703/110
f 845/1710/111 844/1711/111 847/1701/111 846/1700/111
f 844/1712/112 842/1713/112 848/1702/112 847/1707/112
f 843/1714/113 845/1715/113 846/1708/113 849/1703/113
f 842/1716/114 843/1717/114 849/1703/114 848/1702/114
f 843/1718/110 853/1719/110 850/1720/110 845/1721/110
f 842/1722/3 852/1723/3 853/1719/3 843/1718/3
f 844/1724/109 851/1725/109 852/1723/109 842/1722/109
f 850/1726/115 853/1727/115 859/1728/115 856/1729/115
f 824/1671/5 822/1670/5 855/1730/5
f 823/1659/3 825/1658/3 854/1731/3
f 825/1663/10 824/1662/10 855/1732/10 854/1733/10
f 857/1734/116 856/1735/116 859/1736/116 858/1737/116
f 851/1738/117 850/1739/117 856/1740/117 857/1741/117
f 853/1742/118 852/1743/118 858/1744/118 859/1728/118
f 852/1745/119 851/1746/119 857/1747/119 858/1744/119
f 845/1748/5 850/1749/5 851/1750/5 844/1751/5
usemtl CHIMERITE
f 256/1752/36 255/1753/36 257/1754/36
f 252/1755/6 251/1756/6 255/1753/6 256/1752/6
f 251/1757/31 250/1758/31 254/1759/31 255/1760/31
f 249/1761/32 252/1755/32 256/1752/32 253/1762/32
f 250/1763/2 249/1764/2 253/1765/2 254/1766/2
f 255/1760/34 254/1759/34 257/1767/34
f 253/1762/35 256/1752/35 257/1768/35
f 254/1766/33 253/1765/33 257/1754/33
f 303/1769/36 302/1770/36 304/1771/36
f 299/1772/6 298/1773/6 302/1770/6 303/1769/6
f 298/1774/31 297/1775/31 301/1776/31 302/1777/31
f 296/1778/32 299/1772/32 303/1769/32 300/1779/32
f 297/1780/2 296/1781/2 300/1782/2 301/1783/2
f 302/1777/34 301/1776/34 304/1784/34
f 300/1779/35 303/1769/35 304/1785/35
f 301/1783/33 300/1782/33 304/1771/33
f 350/1786/51 349/1787/51 351/1788/51
f 346/1789/7 345/1790/7 349/1787/7 350/1786/7
f 345/1791/46 344/1792/46 348/1793/46 349/1794/46
f 343/1795/47 346/1789/47 350/1786/47 347/1796/47
f 344/1797/10 343/1798/10 347/1799/10 348/1800/10
f 349/1794/49 348/1793/49 351/1801/49
f 347/1796/50 350/1786/50 351/1802/50
f 348/1800/48 347/1799/48 351/1788/48
f 397/1803/51 396/1804/51 398/1805/51
f 393/1806/7 392/1807/7 396/1804/7 397/1803/7
f 392/1808/46 391/1809/46 395/1810/46 396/1811/46
f 390/1812/47 393/1806/47 397/1803/47 394/1813/47
f 391/1814/10 390/1815/10 394/1816/10 395/1817/10
f 396/1811/49 395/1810/49 398/1818/49
f 394/1813/50 397/1803/50 398/1819/50
f 395/1817/48 394/1816/48 398/1805/48
f 444/1820/66 443/1821/66 445/1822/66
f 440/1823/4 439/1824/4 443/1821/4 444/1820/4
f 439/1825/61 438/1826/61 442/1827/61 443/1828/61
f 437/1829/62 440/1823/62 444/1820/62 441/1830/62
f 438/1831/8 437/1832/8 441/1833/8 442/1834/8
f 443/1828/64 442/1827/64 445/1835/64
f 441/1830/65 444/1820/65 445/1836/65
f 442/1834/63 441/1833/63 445/1822/63
f 491/1837/66 490/1838/66 492/1839/66
f 487/1840/4 486/1841/4 490/1838/4 491/1837/4
f 486/1842/61 485/1843/61 489/1844/61 490/1845/61
f 484/1846/62 487/1840/62 491/1837/62 488/1847/62
f 485/1848/8 484/1849/8 488/1850/8 489/1851/8
f 490/1845/64 489/1844/64 492/1852/64
f 488/1847/65 491/1837/65 492/1853/65
f 489/1851/63 488/1850/63 492/1839/63
f 538/1854/81 537/1855/81 539/1856/81
f 534/1857/5 533/1858/5 537/1855/5 538/1854/5
f 533/1859/76 532/1860/76 536/1861/76 537/1862/76
f 531/1863/77 534/1857/77 538/1854/77 535/1864/77
f 532/1865/3 531/1866/3 535/1867/3 536/1868/3
f 537/1862/79 536/1861/79 539/1869/79
f 535/1864/80 538/1854/80 539/1870/80
f 536/1868/78 535/1867/78 539/1856/78
f 585/1871/81 584/1872/81 586/1873/81
f 581/1874/5 580/1875/5 584/1872/5 585/1871/5
f 580/1876/76 579/1877/76 583/1878/76 584/1879/76
f 578/1880/77 581/1874/77 585/1871/77 582/1881/77
f 579/1882/3 578/1883/3 582/1884/3 583/1885/3
f 584/1879/79 583/1878/79 586/1886/79
f 582/1881/80 585/1871/80 586/1887/80
f 583/1885/78 582/1884/78 586/1873/78
f 632/1888/92 631/1889/92 633/1890/92
f 628/1891/2 627/1892/2 631/1889/2 632/1888/2
f 627/1893/87 626/1894/87 630/1895/87 631/1896/87
f 625/1897/88 628/1891/88 632/1888/88 629/1898/88
f 626/1899/6 625/1900/6 629/1901/6 630/1902/6
f 631/1896/90 630/1895/90 633/1903/90
f 629/1898/91 632/1888/91 633/1904/91
f 630/1902/89 629/1901/89 633/1890/89
f 679/1905/92 678/1906/92 680/1907/92
f 675/1908/2 674/1909/2 678/1906/2 679/1905/2
f 674/1910/87 673/1911/87 677/1912/87 678/1913/87
f 672/1914/88 675/1908/88 679/1905/88 676/1915/88
f 673/1916/6 672/1917/6 676/1918/6 677/1919/6
f 678/1913/90 677/1912/90 680/1920/90
f 676/1915/91 679/1905/91 680/1921/91
f 677/1919/89 676/1918/89 680/1907/89
f 726/1922/103 725/1923/103 727/1924/103
f 722/1925/10 721/1926/10 725/1923/10 726/1922/10
f 721/1927/98 720/1928/98 724/1929/98 725/1930/98
f 719/1931/99 722/1925/99 726/1922/99 723/1932/99
f 720/1933/7 719/1934/7 723/1935/7 724/1936/7
f 725/1930/101 724/1929/101 727/1937/101
f 723/1932/102 726/1922/102 727/1938/102
f 724/1936/100 723/1935/100 727/1924/100
f 773/1939/103 772/1940/103 774/1941/103
f 769/1942/10 768/1943/10 772/1940/10 773/1939/10
f 768/1944/98 767/1945/98 771/1946/98 772/1947/98
f 766/1948/99 769/1942/99 773/1939/99 770/1949/99
f 767/1950/7 766/1951/7 770/1952/7 771/1953/7
f 772/1947/101 771/1946/101 774/1954/101
f 770/1949/102 773/1939/102 774/1955/102
f 771/1953/100 770/1952/100 774/1941/100
f 820/1956/114 819/1957/114 821/1958/114
f 816/1959/3 815/1960/3 819/1957/3 820/1956/3
f 815/1961/109 814/1962/109 818/1963/109 819/1964/109
f 813/1965/110 816/1959/110 820/1956/110 817/1966/110
f 814/1967/5 813/1968/5 817/1969/5 818/1970/5
f 819/1964/112 818/1963/112 821/1971/112
f 817/1966/113 820/1956/113 821/1972/113
f 818/1970/111 817/1969/111 821/1958/111
f 867/1973/114 866/1974/114 868/1975/114
f 863/1976/3 862/1977/3 866/1974/3 867/1973/3
f 862/1978/109 861/1979/109 865/1980/109 866/1981/109
f 860/1982/110 863/1976/110 867/1973/110 864/1983/110
f 861/1984/5 860/1985/5 864/1986/5 865/1987/5
f 866/1981/112 865/1980/112 868/1988/112
f 864/1983/113 867/1973/113 868/1989/113
f 865/1987/111 864/1986/111 868/1975/111
usemtl MAGIC_MIRROR
f 869/1990/9 870/1991/9 872/1992/9 871/1993/9
